id,ra,dec,zoo_type,is_merger,g_r_real
1,219.6433701394593,11.991586529232826,Featured,0,0.8363054099152937
2,159.18587513110137,25.05732180476597,Featured,0,0.6193967537890117
3,155.56227553616526,1.887224280540718,Featured,0,0.8518406703558917
4,209.85512467572633,24.796532225743928,Smooth,0,0.48036326575030025
5,136.2676599697105,18.53439583767859,Tidal_Merger,1,0.45247331580900746
6,218.81841706804687,8.323940391748621,Smooth,0,0.49093653376797053
7,181.172617351209,13.035928899134861,Featured,0,1.0234808082978146
8,234.37740909786666,20.182938432374,Smooth,0,1.029147334939913
9,144.57771400160334,3.8721374079264437,Featured,0,0.41743431737891373
10,180.7713221861769,1.8271662970554814,Featured,0,1.183471436375143
11,225.37346457346933,17.068664498455522,Smooth,0,1.4743537816049634
12,131.3313428453718,1.7928682253515327,Featured,0,0.8615015966840852
13,193.65429494296328,22.865237615449338,Smooth,0,0.6897214349438388
14,157.45008198344567,9.349587499639467,Featured,0,1.5560826477507614
15,238.6564072236376,16.96247819257614,Featured,0,0.5202578754243723
16,206.33445495611727,1.712972353355291,Featured,0,0.8550266167172745
17,223.65674535196052,20.914987628710513,Featured,0,0.8949055681579808
18,171.13131517140948,7.4343732872072055,Featured,0,1.1862869051131035
19,160.65111106602725,19.857408979110346,Smooth,0,0.9399347437816971
20,135.30332427466115,5.573308640961234,Smooth,0,0.7253415260528872
21,149.07109548242303,13.552184279443315,Smooth,0,0.612203907403011
22,211.7953307794216,12.680598589722772,Featured,0,0.7645445449384661
23,161.7773432800082,29.651117001647133,Featured,0,0.598268159763714
24,198.4893586958524,20.678379636775112,Tidal_Merger,1,0.5595650639569366
25,237.9295620438524,18.855117002507036,Featured,0,0.7089509550348784
26,237.03844777035283,5.7383211311219116,Tidal_Merger,1,0.25119244134204993
27,134.74911093767128,12.334330094399611,Featured,0,1.163786447093726
28,222.27878950905276,5.096612196571718,Smooth,0,0.7255818691427401
29,226.57717524895764,12.514928369271063,Featured,0,0.5329657987561718
30,135.71522353096952,20.256925126861127,Featured,0,0.8079352163781146
31,211.4523745148871,29.983820431790193,Featured,0,0.8670928914919147
32,201.4459822678192,17.57334812793143,Tidal_Merger,1,0.20070665488419331
33,231.68358149141835,11.300293212883874,Smooth,0,0.9329119167814407
34,197.99410645036855,6.536741388802319,Smooth,0,0.5882106078274338
35,147.0311473857492,22.703676687071912,Featured,0,1.2777572022976968
36,198.51795234009003,28.029123425024707,Smooth,0,0.9809901280191837
37,211.16866083653454,0.19137130219772036,Smooth,0,0.7500250024726709
38,187.6829296260338,21.92611037328481,Smooth,0,0.6637080574206624
39,206.1594814707164,0.6036516555922211,Featured,0,0.823758073109094
40,183.02451639232908,7.749012873827766,Featured,0,1.0031976853958224
41,233.72006743037713,25.03715370766883,Smooth,0,0.8436264678537001
42,132.00558409439978,13.472355424046276,Featured,0,0.7957102982157859
43,235.55343087531367,4.843430580987631,Featured,0,0.8645925727044739
44,231.2843269309693,28.846311686433285,Featured,0,0.6990352671907614
45,216.74569323469836,23.9935009333735,Smooth,0,0.7641985182892406
46,196.78034396976588,29.53963432772519,Featured,0,0.328551890273749
47,224.33185714274123,28.09479993930677,Featured,0,1.093431557713092
48,212.03071610043554,22.55394490760799,Featured,0,0.9246994450804404
49,209.75066839290307,28.87095949363585,Tidal_Merger,1,0.395308831193314
50,202.5289314426361,10.408768511327576,Featured,0,1.3246837453388096
51,198.60136561192928,2.66319800868698,Featured,0,0.8717541200980966
52,199.8040659305334,4.3272006335431055,Featured,0,0.5909641070062008
53,174.7485281046896,26.604946184068776,Tidal_Merger,1,0.7213474842940917
54,236.53910648698815,14.837911582912763,Featured,0,0.9495120541273157
55,185.5777609692643,26.12065366372318,Smooth,0,0.9486449963710548
56,153.02842556703814,2.580964710988296,Smooth,0,0.7435610988371023
57,217.8661559351032,28.372491066777904,Smooth,0,0.9626239309445086
58,238.24918161192247,26.191294410456102,Smooth,0,0.7845604274447263
59,202.62171143895046,9.756335888286339,Smooth,0,0.9889853629114606
60,206.10847174619624,5.175716308390862,Smooth,0,0.37376388649734027
61,188.97060029785325,25.483392186772065,Smooth,0,0.7415316342552027
62,145.12730385605926,17.88245865714918,Smooth,0,1.2805387744520487
63,172.36075014621179,28.012482690044102,Smooth,0,0.6582331361499248
64,214.9469246226323,15.317422723786796,Smooth,0,0.6990404256267033
65,176.79800824780585,3.804720676512564,Smooth,0,0.7380096653875062
66,231.98216917442699,2.5937252136045696,Featured,0,0.5462984660278392
67,177.7421302791263,4.365464483620775,Featured,0,0.29792980594293694
68,143.03528859579666,15.15346667232019,Featured,0,0.7923534003690967
69,174.08393669628586,17.3507928934962,Smooth,0,0.8839648560204142
70,176.73359271548958,14.938457777467915,Featured,0,0.836873732865337
71,142.32427923848576,11.61823234274524,Smooth,0,0.8137803595130283
72,186.64266849045853,12.78954881972104,Featured,0,0.8607602177125969
73,145.05004940108574,20.749669555996245,Smooth,0,1.105710367887691
74,136.39011472883848,25.27614688195911,Featured,0,0.8023884535176958
75,238.52931352547316,21.19812386982653,Smooth,0,0.7064793557281825
76,173.89029742571432,29.685160001529674,Smooth,0,0.7797186287779784
77,193.39171961834944,1.3219758471114418,Smooth,0,0.9948366899391939
78,196.7531651094153,16.701277696585617,Tidal_Merger,1,0.83240537570865
79,149.29084064857946,2.633647111744799,Smooth,0,0.6929640652077054
80,159.91406433602936,26.474853152044094,Featured,0,0.8747334467572209
81,226.89578351188214,6.981850467466555,Smooth,0,0.9345893604839899
82,203.90820179586012,28.478193187368507,Smooth,0,0.6018554983177943
83,159.55450953234407,18.770457367840578,Smooth,0,0.8551042918032296
84,182.7100065392704,17.304237589147675,Smooth,0,0.4835815356644762
85,208.5435908913542,6.614114429981095,Featured,0,0.4077374240651503
86,226.81724117136338,21.60334000544837,Featured,0,0.9416866019730642
87,225.47101239720243,1.244919765297191,Smooth,0,0.7540313146673043
88,142.2663433553404,15.026298176687975,Featured,0,0.9005701019053047
89,141.07012263758867,17.084917755557278,Featured,0,0.8455262557479125
90,191.74049173264459,22.52308947633167,Smooth,0,0.6058999878340506
91,219.96176377925238,10.089701828110005,Smooth,0,0.8386864245089158
92,194.6546296948418,28.28948352213407,Featured,0,0.5417246737462862
93,234.59499184754515,28.663445743142024,Smooth,0,1.1977430895003502
94,168.5782996996881,25.755193636546636,Smooth,0,0.511007413785009
95,217.53719363797111,12.395175516231586,Smooth,0,0.8010536822578547
96,231.8125364197454,28.37912669536798,Smooth,0,0.5894321029881879
97,181.8415884137981,23.95667514391797,Featured,0,0.9926052933401989
98,149.92642844881485,14.569028952400211,Featured,0,0.7671421571796243
99,155.57565914286144,3.674442505508917,Tidal_Merger,1,0.446266656075758
100,229.68800385731402,19.232583107464784,Featured,0,1.0633003862628887
101,170.86139888868144,18.87657579024876,Tidal_Merger,1,0.5558861183355105
102,137.94182498770934,7.711880765676263,Smooth,0,0.9791611114839918
103,211.1656470417683,3.4093811609015825,Featured,0,0.6046685158706337
104,142.45618504248307,8.898374464712793,Smooth,0,0.49879576401812326
105,191.6746124432845,0.582037368546463,Featured,0,0.8768019905100334
106,221.94085207015678,15.513956760319141,Featured,0,0.7702884111263172
107,233.29744683641857,24.358387039136502,Smooth,0,1.006608668113486
108,215.58277674591184,28.61110879475124,Featured,0,0.8300228868343625
109,215.40542568161965,24.970906189829847,Smooth,0,0.9012688348086575
110,236.89602909930568,1.854253820676679,Smooth,0,0.4441543675146891
111,151.96411603741956,23.93196790044642,Smooth,0,1.3221092349035641
112,131.5746805433766,1.5607126508834068,Featured,0,0.808939503741992
113,219.0297271026365,16.519901383225545,Smooth,0,1.0243967425847997
114,165.97364777195625,27.679354188107162,Smooth,0,0.6409770824450933
115,194.9916586625912,5.046109672995546,Smooth,0,0.9270024755543352
116,137.15567522838074,5.253694203910597,Smooth,0,0.5242888091188136
117,166.10120289702428,3.129392620556465,Featured,0,0.9630169595649177
118,149.47115327044216,21.01834489183355,Smooth,0,0.7610064789035418
119,174.83426294311985,22.78560446150832,Featured,0,0.8572976259838918
120,159.78191404579093,12.47455704055233,Smooth,0,1.0244935075325243
121,174.1643747447417,22.98736418281137,Featured,0,0.5418649221949299
122,144.30887368118417,10.368605067023685,Tidal_Merger,1,0.41310165387744063
123,215.2646105697226,8.743827404813816,Smooth,0,0.9643310702716914
124,152.4143105040458,5.276708502559862,Featured,0,1.3745553686366867
125,161.90500851586805,12.309111656179862,Featured,0,0.8154794163346295
126,180.68566448359985,14.998769758943652,Smooth,0,0.9977840294809831
127,184.18259778286273,25.792434170552006,Tidal_Merger,1,0.528605706028304
128,217.39670989398235,14.621244237637347,Featured,0,1.3355613986890749
129,228.4880698068486,10.337897871809153,Featured,0,0.4131945832586861
130,194.0664924027971,9.622007469347137,Featured,0,0.8736552611673395
131,172.22803435105325,19.318697383428407,Smooth,0,0.4436139916094847
132,220.4875750365046,6.053848447573707,Featured,0,0.22335710736582082
133,200.45236463934282,7.469306974840951,Featured,0,0.9243655132794542
134,220.9378095715636,16.38742800392553,Featured,0,0.8848744490368647
135,155.48388715217877,1.4159010509213699,Smooth,0,0.7787907655644496
136,198.52632419198312,25.351189466899275,Smooth,0,0.8234514774900616
137,202.24316698220127,23.82403685196817,Featured,0,1.6245748585178144
138,196.20697485999543,14.7305928800673,Featured,0,0.7854562154921414
139,134.28772527272434,13.081409223557372,Tidal_Merger,1,0.652024872250015
140,139.3882211493145,27.492616335961987,Smooth,0,0.6876587950965297
141,217.81225169301052,20.777184002327456,Tidal_Merger,1,0.6090465150081207
142,213.4089515521925,27.158969970315464,Smooth,0,0.7904415812360956
143,137.5304591266936,10.120772350718388,Featured,0,0.7473703793175674
144,155.37367928895344,7.463753662175312,Smooth,0,1.3047246330500812
145,230.60035302334148,2.182087853315895,Featured,0,1.1442962407960846
146,194.17056416068755,28.032991162603242,Smooth,0,0.8841866618498077
147,222.9358482530752,25.27603525055405,Tidal_Merger,1,0.1
148,179.32900741761517,22.804827893704772,Smooth,0,0.7597476941868575
149,186.24030084208263,28.96553754704299,Featured,0,1.5257568911012709
150,133.68856782093573,17.9568897965328,Smooth,0,0.7923345833400729
151,164.2894274575103,24.777969256500487,Smooth,0,1.1258043930134145
152,198.88577535631703,21.010436665997084,Featured,0,1.2104856004881501
153,134.22689838585575,11.12921137776507,Featured,0,0.9047409789639937
154,227.69300078274392,1.1643884343540634,Tidal_Merger,1,0.3816356736263696
155,154.7077173028237,29.500223052426797,Featured,0,0.24117191705427787
156,201.46113138916053,20.374877049586885,Smooth,0,1.0210408021522386
157,142.1475049752213,6.968689622893579,Featured,0,0.646310999294113
158,134.1083007624136,16.711215398251053,Smooth,0,0.894037612971923
159,200.49089461592268,0.6554013595860542,Featured,0,0.537544915102659
160,222.07146612000392,11.244747730499931,Smooth,0,0.7836906148824494
161,143.3523433364672,26.622736061110807,Featured,0,0.8584297637252633
162,158.37357904866712,27.072390998583103,Smooth,0,0.9171483952610744
163,201.6803736525004,12.009896052322746,Featured,0,0.5712944531618964
164,188.62535652064687,8.482963711802958,Featured,0,1.149227737190338
165,188.69628013995663,1.3545409323687585,Featured,0,0.7007763038170072
166,198.00398696478874,6.899812618897215,Smooth,0,0.43138263488668865
167,185.76124817580182,29.068331915228736,Featured,0,0.8227441450091341
168,221.23341313447315,24.4786736824562,Featured,0,0.858593827256615
169,175.55427277818197,2.4771647410583153,Featured,0,0.8901473582929399
170,200.79354647161773,3.697423743976543,Smooth,0,1.1905331009212698
171,163.6076741723826,21.517856275972694,Featured,0,0.7908877908160351
172,202.26506718938535,24.791709348016656,Featured,0,0.8200950939078071
173,225.07940748236007,11.799620111555662,Smooth,0,0.5742039046917267
174,184.1327922387492,11.661790436296402,Smooth,0,1.0551383757219743
175,187.3593926583568,2.68956693707037,Featured,0,0.8960772660195259
176,194.20849465045004,12.482120112260585,Featured,0,0.7449930681764594
177,233.3448835720608,6.226228086171104,Smooth,0,0.37383132663363405
178,238.8396244061562,21.896673531107933,Tidal_Merger,1,0.8388824390110176
179,155.1058899843069,8.325684147071776,Featured,0,0.5430800088859857
180,233.73834215191783,2.657350189099322,Featured,0,0.7021804976575736
181,149.5183498157695,8.14476007628134,Smooth,0,0.9395861277690007
182,217.34277081973255,24.614627534408243,Smooth,0,0.5508605178458283
183,149.9775364532263,1.5699857190198852,Featured,0,0.4766225554367141
184,166.7662150565667,13.050437830206702,Featured,0,0.31901310432483376
185,230.57286872165488,24.304832698791074,Smooth,0,1.030249238226409
186,156.66507056565882,4.879824453164554,Smooth,0,0.7137034388184195
187,151.1054057190617,10.90211795998281,Featured,0,1.5818175231183325
188,161.33245438152144,29.042291443522004,Smooth,0,0.6014112335922817
189,134.49554778931267,3.8497758656629353,Smooth,0,0.6196372441427697
190,179.47631137034548,29.963788074469637,Featured,0,0.7086517574286496
191,162.5938932501589,16.46728894920215,Smooth,0,0.9107836637846223
192,214.839738135454,1.0473465796867143,Smooth,0,0.7324491653036721
193,239.43986049110788,10.715770019791345,Smooth,0,1.003083053500628
194,158.36764539765224,15.641310644212236,Smooth,0,0.6053529025028364
195,187.72320747954615,6.561294009707497,Smooth,0,0.5046020703841048
196,216.61257294275663,16.894931653618645,Featured,0,0.4004463151477231
197,202.43945672370603,9.002012487163197,Featured,0,0.2941064580157008
198,234.50681637558853,15.898217607906988,Smooth,0,0.7204827451312358
199,224.12657032212934,14.236006878673223,Featured,0,0.7747549219016945
200,205.74947922386633,18.838762060287234,Featured,0,0.6921407431292042
201,211.0088659187195,19.36716544282284,Smooth,0,1.1608514492967905
202,202.17780214491785,16.34403255828295,Featured,0,1.1570075524020338
203,216.0006249679429,11.707156487519851,Featured,0,0.7662992531388745
204,153.17754602539236,16.34474027020295,Featured,0,0.4015197217020092
205,177.52208203539567,16.22481191914619,Featured,0,0.7083237229862368
206,173.62090501889594,26.45126908915754,Featured,0,0.7000446515207346
207,201.95920616214818,26.313614029868642,Featured,0,0.6857162594304855
208,176.00673399196808,7.757747734043521,Smooth,0,0.6755702740254388
209,164.77717154744255,25.42642899164209,Smooth,0,0.6866342760687982
210,233.42532655674535,0.4977744189779365,Smooth,0,0.75336459602556
211,208.53478957572486,16.847835231365828,Featured,0,0.6911147252961108
212,143.6726945834099,2.4056027043633987,Smooth,0,0.902080627156398
213,239.63665392382745,15.268771212661425,Featured,0,0.9400921789762152
214,209.43575590014964,12.105599773206336,Featured,0,0.6223387282043775
215,135.86827966877874,7.949011846663291,Tidal_Merger,1,0.8042130652014068
216,224.21388253071547,5.128092072625448,Smooth,0,0.6049844245398465
217,169.81119899216515,11.681693390006204,Featured,0,0.4455498465461657
218,197.79305345182965,24.333136989159545,Featured,0,0.9451945178412628
219,198.72622490683426,1.6352783224115874,Featured,0,0.645647966396415
220,229.8688673157581,8.393007926611226,Featured,0,0.930322867689347
221,238.3136713476959,7.162553132580722,Featured,0,0.24908284972486738
222,133.2172011338015,5.696259872877599,Smooth,0,1.198113985370767
223,142.64262967655236,26.59786324507195,Featured,0,1.0180733520101004
224,169.08517233212766,12.30071360225229,Tidal_Merger,1,0.2499046901673997
225,200.05925492002177,17.005752998822842,Featured,0,0.48030571903842856
226,155.54339646614991,3.9653897326161527,Smooth,0,1.2680664760243818
227,197.87731677295812,13.918087903646727,Featured,0,0.6656550241255104
228,200.00117096867118,13.403164765188206,Featured,0,0.641453787816844
229,229.07720504123844,10.897660550274308,Smooth,0,0.2834869764626793
230,162.99110226576832,3.611344485166015,Featured,0,0.7623054485996115
231,236.4872393255835,6.176619322997982,Featured,0,0.7930700962910617
232,196.82993370915824,25.353625544881044,Smooth,0,1.0288732741923714
233,224.469844828497,24.77664679280444,Featured,0,0.5002303929538812
234,199.4252488596989,10.77626240948071,Smooth,0,0.4699283019398476
235,228.84096073797872,6.440876623900663,Smooth,0,0.9627406586941192
236,226.50732887190793,16.400870462163905,Smooth,0,1.1016825178067662
237,212.37089706596373,20.22880721100074,Featured,0,0.4572119122205292
238,168.56463146872568,0.0009215653614724761,Smooth,0,1.1203785215749353
239,158.3451177362335,6.8093561841456305,Smooth,0,0.8593854603717054
240,228.6467250896613,20.175217880209473,Smooth,0,1.1229513347686613
241,130.1488988287015,13.279645447812992,Featured,0,0.8324449096205958
242,183.77876149716965,22.76604403253849,Featured,0,0.21943052062801238
243,213.53380886597603,1.981659234664802,Featured,0,0.8120081544209903
244,146.86865434276882,25.174398242122574,Smooth,0,1.1150359546678175
245,196.73865510211414,5.558305510006201,Smooth,0,0.6265634952290714
246,234.24568285609178,13.991237835136456,Featured,0,0.7530087577731369
247,180.0689190907022,14.51390689748389,Tidal_Merger,1,0.5147732992898044
248,163.61646370392364,26.670018324439976,Featured,0,0.1251215300328795
249,180.98434481806297,5.8487481449589165,Smooth,0,1.2678368938593692
250,208.60555149700684,17.19126601857047,Smooth,0,0.6246560800257064
251,204.53207980265108,10.263228625907821,Smooth,0,0.9764338581181997
252,146.67545822801094,14.474791815829889,Featured,0,0.8283247159629478
253,154.9322042449687,8.267003289275355,Featured,0,1.16440476408984
254,194.10875185918385,16.043983988435773,Featured,0,0.9515140306070202
255,178.1222414226102,7.634439948547808,Smooth,0,0.7912689321197564
256,214.27275260751446,4.537928533880278,Featured,0,0.62662122687018
257,143.53036246361202,18.48872245062434,Featured,0,1.0494626753455347
258,173.69018825803005,4.843735021927202,Smooth,0,0.3816396740113458
259,214.95502309092032,21.863341633519425,Smooth,0,1.011472605068973
260,229.04598628796634,26.951593997521044,Smooth,0,0.5752388121112818
261,223.53828012318849,22.707805353810414,Featured,0,1.1630709154891599
262,179.06063502537512,11.806660083189467,Smooth,0,0.8903248856656738
263,146.50535311633826,29.862645387763685,Featured,0,1.0110309419625272
264,209.72434486816377,28.350721937417063,Smooth,0,0.8704972034561799
265,165.28580714689093,20.731674382177854,Smooth,0,0.4119057262147508
266,232.3654736108308,25.888788699390552,Featured,0,0.6348177091511653
267,178.83113999570156,2.2222472163134324,Featured,0,1.0180973344028457
268,139.10105191800088,4.865501172236321,Tidal_Merger,1,0.5833311634719689
269,211.24572039455637,16.496307634686314,Featured,0,1.145247476326418
270,174.49801241312565,15.698587479007495,Featured,0,0.9508186407592929
271,161.756311044777,0.6041354684786948,Smooth,0,0.6083245273243351
272,227.48153585115818,14.760051882962482,Featured,0,0.6509839655698415
273,206.55716267030678,27.451821975516673,Smooth,0,0.8757293476308092
274,133.42474911729624,8.525528871351863,Smooth,0,0.27148898349997364
275,133.16609439446728,27.55192626244674,Smooth,0,1.2683604714057464
276,167.2932770153571,9.803841175733321,Smooth,0,0.9604366840943893
277,136.00978620010696,12.324491867022832,Featured,0,1.1567586492622182
278,160.33443250764927,10.021366452598787,Featured,0,0.45484901479770773
279,132.46684780782607,18.645219334142524,Tidal_Merger,1,0.7989130320710511
280,135.49769315256466,4.9281134836778415,Featured,0,1.407874727756937
281,206.6072787739718,27.946332213195607,Featured,0,0.5197804111556705
282,180.8943165571933,9.152990604585797,Featured,0,1.0428504487259416
283,164.71900781396852,18.587477784812606,Featured,0,0.8502774861718233
284,199.50209333867792,24.16296987899959,Smooth,0,0.4638915379379389
285,182.8645235059313,0.006811146547666125,Smooth,0,0.9732209929629674
286,218.43543583077724,5.9307090934346265,Featured,0,1.058400801209337
287,178.1363436460931,15.455010851597663,Featured,0,0.6997183618327882
288,212.629585258926,20.202591867342978,Featured,0,1.1414791300638056
289,162.16214214534125,20.375150986139786,Featured,0,0.43330914830270056
290,144.7702335992503,15.546171965475626,Featured,0,0.47631096338758894
291,173.16896181648988,14.43833853657711,Smooth,0,0.8841493488971881
292,133.3028605862332,2.7280634973912345,Tidal_Merger,1,0.5550770555944544
293,141.46472830891824,0.25857007775340834,Featured,0,0.6708566278939737
294,224.94137684631528,4.820387541355355,Smooth,0,1.0523986089929713
295,221.95781325634266,11.371214561491051,Smooth,0,0.9827235785539873
296,187.44675860602848,28.743540267583015,Smooth,0,1.064534767733504
297,212.2880497372485,5.767737554042758,Featured,0,0.819215891161933
298,207.76741362012876,4.675546096543304,Featured,0,1.0006450669945852
299,163.13917868360005,8.444319073527582,Featured,0,0.7385874242425013
300,192.2798760347578,24.937374152698276,Tidal_Merger,1,0.9607637380173192
301,203.45366507634682,14.713472902078498,Tidal_Merger,1,0.3874908459756029
302,215.78360877826847,26.62406820638647,Smooth,0,1.376324357364578
303,204.52847752720533,19.90874162301899,Tidal_Merger,1,0.5569775894178818
304,233.52328937870408,9.478074671569104,Featured,0,0.5061222776078143
305,146.61636809589902,7.408835009756776,Smooth,0,1.1920198376221502
306,181.55267061935388,12.335714276084733,Smooth,0,0.8814753470987398
307,229.67221023457466,4.081687032949288,Featured,0,1.0627810245950595
308,150.1786416043778,17.342163060372375,Featured,0,1.1559639796356482
309,203.99732936297877,1.4744517103553112,Featured,0,0.9344888885362563
310,177.5568281146862,25.789360360578193,Smooth,0,0.7019397887967963
311,143.8891215720953,27.30588372434089,Featured,0,1.0939283444173125
312,142.20884161348292,12.15591427725989,Featured,0,0.8501888768636489
313,160.147874827641,2.5834833151912138,Featured,0,1.0214644546521048
314,175.0895378665917,7.724376494774079,Featured,0,0.31156735655213463
315,206.56327763424702,4.836564359253677,Smooth,0,0.961745429252463
316,201.413133232767,25.51723584045348,Smooth,0,0.6903535437137425
317,216.78836759128728,14.516317936927772,Featured,0,1.2633274092946327
318,170.53789780961372,11.311617930050964,Smooth,0,1.0057718369722737
319,162.61891394164206,4.183507086154805,Featured,0,0.9099644364623242
320,193.86471853058478,11.794413884820456,Smooth,0,0.9715774983375554
321,146.37768553656892,17.379402083653826,Featured,0,0.6003897867808204
322,201.00195254978846,2.540650256259205,Smooth,0,1.2558141726320136
323,225.20578384833783,19.447004064235383,Smooth,0,1.3478426046042262
324,148.0021537152275,21.661981926113558,Smooth,0,0.948228377637054
325,131.51201094124798,13.780380305184682,Featured,0,1.2476008921434096
326,238.33442430387234,15.254371059240782,Featured,0,0.7077129503318665
327,225.40236210557828,15.371784621963197,Smooth,0,0.6507216084437548
328,160.28170347970462,0.6102324564653294,Tidal_Merger,1,0.5581849497457846
329,200.9690069450395,22.047775421846826,Smooth,0,0.9587352595919747
330,176.50015005833257,15.740169200568667,Featured,0,0.7515033296892198
331,208.33971434822894,28.14947185953948,Smooth,0,0.984442047592121
332,210.1879167821398,8.057967987437923,Featured,0,0.9265973705183534
333,168.86874508286581,18.759905098633617,Smooth,0,0.6004233061772363
334,229.592017406119,13.2632110403916,Smooth,0,0.9796982543629302
335,147.04178422577868,20.139132706928393,Tidal_Merger,1,0.7227056485043043
336,199.04788583785597,6.4899833289248114,Smooth,0,0.8928673293975977
337,164.57915791839594,0.5746645665375871,Smooth,0,1.138162025815423
338,162.73032964507027,15.177774004391816,Featured,0,0.5456490516257619
339,130.86257498491085,17.88775725698106,Featured,0,0.9669876055329629
340,149.48217473477538,14.000793626532252,Smooth,0,0.5574298234008063
341,156.74894100993995,12.551686001350005,Smooth,0,0.571479660441728
342,137.43738199514365,27.882104515474616,Featured,0,0.6922672915655524
343,167.46645832394208,27.968006517629167,Featured,0,0.6144849541064388
344,133.65234196705032,19.283852115189273,Smooth,0,0.7130010453147155
345,224.9667014529008,23.062413940875388,Smooth,0,0.7964624223222028
346,178.6523185996249,16.520716340843837,Tidal_Merger,1,0.717430897266277
347,156.1176815212287,22.870836411215183,Featured,0,0.7697102403235744
348,187.97456103028168,17.39488728143175,Featured,0,0.4535935733076018
349,158.46579797600185,4.5614570227347535,Smooth,0,1.1350169616237902
350,202.877451278938,13.749707837627263,Smooth,0,0.6407274665962401
351,149.58395635567265,23.925421358894575,Smooth,0,0.8353198932238428
352,131.58328374927314,24.162901291379374,Smooth,0,0.9616341267351779
353,207.68664498721458,24.730513417480484,Smooth,0,0.8999026046006957
354,165.69629801928764,0.21289597484661527,Featured,0,1.1235448868803688
355,165.0627753225277,15.317112261855106,Smooth,0,0.9697507858481897
356,192.42949330877138,24.71992955639935,Smooth,0,0.634672605075723
357,160.03778909700935,19.17323540984119,Featured,0,1.3946405434979154
358,236.62327891810088,3.0852777647243013,Smooth,0,0.8985833658345583
359,134.97500178015918,4.634766120147774,Smooth,0,0.8131649433446234
360,202.81658392732555,15.940198597098274,Featured,0,1.0909813557638928
361,184.363369197533,20.48013457388278,Featured,0,0.912362736482518
362,185.6437962247012,28.639990706372068,Featured,0,0.9498070482348318
363,214.08099284439095,11.834381725165725,Featured,0,1.4730459996501717
364,138.37439454393302,6.127263191052866,Smooth,0,0.7812196429362384
365,222.20534631899807,7.872482450886434,Tidal_Merger,1,0.48644782119652086
366,184.61072675908298,19.420264031192737,Featured,0,0.8791446280031159
367,167.5372610388772,1.0938315247685537,Smooth,0,1.1178789838952596
368,238.64348087963117,12.1597608194086,Smooth,0,0.4733664924524002
369,219.63076251211635,4.41489753284836,Smooth,0,0.35861102713087367
370,159.79154763882815,4.393087698084484,Smooth,0,0.7032211823449631
371,187.56625943142154,7.0614978569507265,Featured,0,0.4415192602351782
372,146.31775210582978,4.964993239909669,Smooth,0,0.7437921631185904
373,169.6150048218671,29.370955223750023,Featured,0,0.9756249240323225
374,219.74164374896796,15.232735145657063,Smooth,0,0.6273127841119341
375,239.04606917206428,10.782714804924513,Featured,0,0.4932933558046644
376,143.73028953635333,23.818652541467717,Featured,0,0.8673342904288369
377,183.23883049977218,19.301091752092816,Featured,0,1.0656358711537925
378,143.68052389005612,16.482354961828936,Featured,0,0.4262566403708468
379,144.06534813446592,11.508271210654753,Featured,0,1.055058099576496
380,172.41573517646668,7.850140999125194,Tidal_Merger,1,0.7134612407476653
381,167.97454570818613,27.44526449554964,Featured,0,1.088521275539157
382,214.87896020764686,6.105333249956594,Featured,0,1.1546200537179216
383,198.42953702506608,15.433839832196824,Smooth,0,1.400503481164904
384,153.9681809680489,2.1663955600556384,Featured,0,0.7609769878452362
385,208.58665804783664,16.63861473633435,Featured,0,0.8773928950194645
386,217.93574668658772,6.290708322906026,Smooth,0,0.7458903916879935
387,188.2615636191607,27.94664742928443,Smooth,0,0.8504942111889526
388,212.9691470681725,8.048616012833179,Featured,0,1.233218338909078
389,206.29798632211748,15.845331642690514,Featured,0,0.5137463790173328
390,213.69364640238598,19.263307050765633,Featured,0,0.6347375819586061
391,214.71740329328054,11.683040402330198,Featured,0,1.1942952341261404
392,162.28377055289337,21.56097797918388,Featured,0,1.1050091267255224
393,236.16305660796502,16.060433041849702,Smooth,0,0.7592170882957305
394,234.60214539528033,21.643474713287162,Featured,0,1.06360050028018
395,137.76256221404728,26.938939405433658,Smooth,0,0.9353039606230082
396,233.45044427882056,14.463962967595256,Smooth,0,1.225068652250247
397,170.42878645206846,14.556913672960686,Featured,0,0.8686273984566931
398,227.45755230598058,9.36192133956062,Smooth,0,1.1064080284681457
399,176.489211671497,24.228776086889255,Featured,0,1.510502977623155
400,218.30920283069506,20.312813543509332,Tidal_Merger,1,0.6696198310094933
401,145.40265073086493,7.101614275614988,Featured,0,0.8623320414487109
402,182.4527815149599,3.7991137655512306,Featured,0,1.0306117463052449
403,147.6835885653139,13.325502206350997,Smooth,0,0.7586797854490288
404,165.12450013494563,11.837169459567713,Smooth,0,1.446991926381183
405,132.79249912263793,15.588350274090224,Smooth,0,0.8950177594239953
406,162.69615884794788,1.698766721326741,Featured,0,0.7817666699436218
407,201.9546010730661,12.091162737213965,Featured,0,0.6410777487449909
408,179.55985488411028,20.290832036181722,Smooth,0,1.1243050479016095
409,145.93843593003453,17.33673338082265,Smooth,0,1.0667968532069347
410,226.83462383638198,24.438751680777514,Featured,0,0.7256614071464766
411,178.05357728766975,3.850497798440844,Featured,0,0.9941128362806056
412,166.47211689739132,2.1165019112968375,Featured,0,0.47286100794678587
413,194.12186624846896,25.762349055887405,Featured,0,0.896242643768289
414,232.9770251576859,12.232443150081968,Smooth,0,0.9631890880191736
415,138.94836587060897,11.909764866224224,Smooth,0,1.2768324523898058
416,199.86030159544083,6.680282373692549,Smooth,0,0.6572952993178276
417,139.038883422407,29.002026826053243,Featured,0,0.5304118427994189
418,139.32712176503836,7.825477378862668,Featured,0,0.6261430097687395
419,140.22897038054452,26.031062937577172,Featured,0,0.51585787492127
420,135.97652383051943,4.068798480219402,Featured,0,1.1841643394397456
421,170.770636177358,20.138124756873975,Smooth,0,1.237159823756009
422,180.42745665445818,3.118781277371687,Tidal_Merger,1,0.6140433155897658
423,189.6091042116194,20.15126577732182,Smooth,0,1.155323736421287
424,196.17092672298065,10.961005246519584,Featured,0,0.8834895951450588
425,145.67450971916645,19.0693596585784,Smooth,0,0.8262220880748085
426,179.6944446610952,5.5213431615064055,Featured,0,0.7667405952365596
427,202.4774017255923,14.693576039647223,Smooth,0,0.7724022521556086
428,233.0402987610408,8.998262093310679,Smooth,0,0.46304961092274216
429,202.7852717239842,1.13353519787039,Featured,0,0.9160636909018347
430,135.74836672146262,2.309075490240521,Featured,0,0.8399165224464891
431,236.81640696819045,10.17721983521509,Smooth,0,1.036340181019469
432,213.7089836030903,27.452953634700897,Featured,0,0.8733808741096524
433,225.69660756124534,14.757840721173878,Featured,0,0.809324074607727
434,238.64946287096348,18.129389467209595,Smooth,0,0.6322017424980924
435,137.66052629786464,13.132951649643854,Featured,0,0.8680383092054403
436,197.65142648427533,15.782820397546262,Featured,0,1.0345593077040405
437,172.51945575053307,13.419082687578019,Featured,0,0.5641652522290348
438,135.5248612610371,28.385606819737838,Featured,0,0.8718684384201848
439,175.21231827921002,13.406225856013167,Featured,0,0.9082607378823709
440,134.99910183756037,18.09450360368841,Smooth,0,0.670483804095434
441,150.00074639278108,17.126322505184287,Smooth,0,0.703035923773
442,174.78171380381903,3.0699653860218943,Featured,0,0.9076527121915536
443,154.91453527177316,3.5967328041813627,Smooth,0,0.5666447454268442
444,155.29500664801947,26.645740489839124,Smooth,0,0.9374809288123481
445,158.58954771671162,8.588395863358226,Featured,0,0.6261614065851999
446,213.3630721510806,20.132794712579283,Smooth,0,1.1157134232583041
447,200.71701010645785,26.242309489696982,Featured,0,1.434456936347075
448,145.72908502581194,26.870698327998497,Smooth,0,0.6348107995745451
449,232.40435650576757,5.760701074090337,Smooth,0,0.9835519655936686
450,156.617484334875,28.065690682765716,Featured,0,0.6683145237794952
451,153.25928076961992,5.698084093726827,Smooth,0,1.1102385434494473
452,150.42113753913674,4.921907647960055,Featured,0,0.5336853977286962
453,186.14757379046554,10.57587723901552,Featured,0,0.9701466896069282
454,142.52222328242615,7.37455761067724,Featured,0,0.6317527582776619
455,149.95821824651895,18.31089023454471,Featured,0,0.7982538527254078
456,208.77657416455128,8.45755066791755,Featured,0,0.5922436812131733
457,210.2090836304393,9.267531685312981,Featured,0,1.0555876177239383
458,226.43189629241795,4.0372880131232325,Smooth,0,0.6407549113901032
459,205.08789433457426,15.358158920457834,Featured,0,0.9879910648329568
460,197.4964525661204,11.279136657874174,Featured,0,0.7639754929344167
461,215.48616075201807,23.81454311724119,Smooth,0,0.8213819070502842
462,212.603377819965,21.764045053504883,Featured,0,0.8869389768500321
463,212.35097575388198,4.368859401162703,Featured,0,0.6595438320852878
464,141.72523333387898,15.579380779269096,Smooth,0,0.9025917783852218
465,235.03518087295134,8.159958160330682,Smooth,0,1.2325836410886026
466,208.9935383849144,12.651378525777492,Featured,0,0.6554763035418214
467,187.54076285871636,3.7786558913807475,Smooth,0,1.1429525358184611
468,238.3325318858568,2.315625906794039,Smooth,0,1.224524408371946
469,169.24286593629483,23.083466822461414,Smooth,0,0.645961252742989
470,206.67173150947946,28.154464746424637,Smooth,0,0.486236348727362
471,202.24024331937687,9.601786925507476,Featured,0,0.9254902250429411
472,160.80410625055384,27.47443044572232,Featured,0,0.7131481193082817
473,213.77815768615892,0.20633886658947942,Smooth,0,1.3171508047907505
474,217.77055755774836,22.769304955620917,Featured,0,0.858701885124958
475,151.5370248268226,26.052285718408022,Smooth,0,0.6494501479912052
476,159.84839349512856,17.907320716399685,Smooth,0,0.5632101222470721
477,158.5268387048804,7.010713464760908,Featured,0,1.1224762397727075
478,189.69968876823557,4.901002751952605,Smooth,0,0.7072040064789533
479,149.28332365934256,6.56315125232639,Featured,0,0.860957199865107
480,148.64420213547018,0.9797718235348762,Smooth,0,1.0889506862781202
481,220.46193323038898,13.291199299054824,Tidal_Merger,1,0.453148329613834
482,227.99410884814614,0.3846494853181748,Featured,0,0.8385177928149599
483,149.93563727822263,24.859587183548676,Smooth,0,0.8458578975443699
484,173.06782679956123,5.452907932835826,Featured,0,1.020831127879023
485,138.46779008116724,28.844769737223366,Smooth,0,0.9976860838775814
486,155.0728678796136,21.481499197264334,Smooth,0,0.7949715671862928
487,177.33364843894088,10.569811627576179,Smooth,0,0.8659122653741294
488,185.79582895572315,5.454529585120163,Smooth,0,0.7570552471191279
489,187.01626176001105,12.530009874509842,Smooth,0,0.4805968982701388
490,173.73538377590737,15.35341369708442,Smooth,0,0.9144002143495323
491,159.64630485215,24.581946928994782,Featured,0,1.3230479402082669
492,152.77833901319408,22.990538416721705,Featured,0,0.6290702148272342
493,139.56123168961662,22.995819486648816,Smooth,0,0.6567425725993242
494,230.7037127346846,26.90985868093233,Smooth,0,0.6323180570890646
495,151.91368023834585,3.6144546731540386,Featured,0,1.0311479446807805
496,220.857603397889,26.729216540721115,Featured,0,0.96212136354911
497,219.42843125877027,7.872251294679058,Featured,0,0.8103655768958858
498,232.72625192806953,23.30395311625892,Smooth,0,0.6204952345902588
499,198.62854199208022,4.284429134186021,Featured,0,0.8730941979099811
500,174.09365584400038,15.351223413441025,Smooth,0,0.4588444681660489
501,153.17284079062333,24.152919361234048,Smooth,0,0.8858566417143733
502,227.59340168339594,8.431492505006675,Smooth,0,1.0678810965219836
503,180.34695656752234,19.326390479688538,Featured,0,0.5372002158415805
504,204.52964942048484,21.408220987904148,Featured,0,0.46687043079258406
505,178.33454886638975,21.479540806251723,Featured,0,1.2448594729237148
506,148.88632984759946,15.34576922428479,Featured,0,0.6970600901238537
507,131.61627275204492,19.146732451218345,Featured,0,1.1339869614859555
508,164.07875628547157,9.847652678320111,Featured,0,0.811500583700542
509,201.59651059519138,11.61669423630621,Featured,0,0.8095112957646681
510,160.0747779123777,18.02736016977258,Smooth,0,0.9596031748741612
511,175.2131316787375,12.192496097220559,Featured,0,0.6290002858133898
512,200.09216244891084,11.535474411187996,Featured,0,0.8831242858739113
513,186.03643409647685,28.861754968240547,Featured,0,0.7546276462939768
514,194.6344458220342,10.368811111084767,Featured,0,0.5198766391487422
515,154.45974352229874,7.066978037835038,Featured,0,0.9343705186815997
516,130.54339790278505,19.059700401249632,Smooth,0,0.7841730482805209
517,143.52127463119263,29.597084723379798,Featured,0,0.810743792888823
518,238.23754127558112,28.0438655247835,Smooth,0,0.5474597641464605
519,205.72455203413506,1.4958043919749275,Featured,0,1.247850091940701
520,207.50098708301897,19.97295720796102,Featured,0,1.069178546596529
521,207.27945516882875,3.64115773645859,Featured,0,1.0910389710429946
522,140.3380133824956,11.857779462934733,Smooth,0,0.7736388243895795
523,186.24766387470316,18.354930603096644,Smooth,0,0.4177042776241449
524,163.5147053007845,16.730660735563582,Featured,0,1.3382293456223777
525,158.57839391705758,14.496962276263055,Smooth,0,0.8347256229985329
526,226.52069488934183,12.454369619782371,Smooth,0,0.6628000509949865
527,234.07270083469962,20.761516591192343,Smooth,0,0.9542003936207785
528,184.38623351728396,1.0401811267819916,Smooth,0,1.1417801970008243
529,185.81531325895898,10.062204404890409,Featured,0,0.8442373609786334
530,230.20199029432268,27.86578649536697,Smooth,0,1.1696437919848437
531,161.44974681630762,25.24866022628322,Featured,0,1.120749984629217
532,142.31115813375007,24.472361418783628,Smooth,0,0.5809047031494854
533,203.31093522795192,4.8295329506212425,Featured,0,0.6815524735851308
534,171.16978753317323,10.814235154246617,Smooth,0,1.0893842908199418
535,184.600287192136,26.921571523911446,Smooth,0,0.1718468590473905
536,201.4596188951936,29.09170898393931,Smooth,0,0.8126360767087528
537,211.10927851265797,16.146603056054257,Featured,0,0.492292199593832
538,236.37388027817607,2.3552960536082956,Featured,0,0.7308615496416189
539,192.47397536078924,22.538367731213008,Smooth,0,0.775294977742699
540,198.611739335041,7.237330081140836,Tidal_Merger,1,0.4783511244184985
541,132.47162391521292,2.742659754514145,Smooth,0,0.7119346869718478
542,179.74397349787878,12.463290017762688,Smooth,0,0.5757140875927964
543,217.7315010700907,22.905475310046366,Smooth,0,1.4229778167046714
544,150.4711559630905,21.759791722076343,Featured,0,1.3168655010403376
545,149.51716464166776,3.7693047723694195,Featured,0,0.5594835449359292
546,209.02993420548052,21.204107886315153,Featured,0,1.2455291878258918
547,147.54414887954943,8.605399369415998,Featured,0,0.7501336273817868
548,223.7399650350394,19.95167967019893,Smooth,0,0.8822968683329276
549,138.0846422063014,0.02830245802893261,Smooth,0,0.834181510025771
550,142.1521524444534,11.501914231747769,Smooth,0,0.6850628396865085
551,154.41693781262444,3.9902939672198636,Smooth,0,1.0959630859015366
552,137.44351980900018,5.646965993071368,Featured,0,0.8814716326441644
553,171.19941307320988,22.873408760246054,Smooth,0,0.7308621441951897
554,216.8222133151654,22.10383706130591,Featured,0,0.5238526390498819
555,195.2474040943415,25.083558466351278,Tidal_Merger,1,0.3712809972561759
556,151.4086220375359,19.176054881698796,Featured,0,0.43965497109947577
557,196.740489718918,21.267000187547474,Featured,0,0.8530558871037923
558,203.6435650718009,19.283322404397836,Featured,0,0.5508336019289011
559,236.33203009480366,13.773720698600426,Smooth,0,0.7836098718703647
560,180.07421639899815,29.437727321738304,Smooth,0,1.1925254634025926
561,169.93905260384986,12.368391834949966,Smooth,0,1.1498248932303965
562,169.3578091857986,20.313727904476917,Featured,0,0.8419307764743456
563,150.37151246542146,21.540425343810046,Featured,0,0.8282288184642125
564,228.10593592918082,12.067812410506262,Featured,0,1.319968637355252
565,149.18030719054906,15.94364742567916,Smooth,0,0.9801890300896778
566,207.21635649834735,10.646930504596622,Smooth,0,0.7680483850308693
567,136.02378027042346,20.529427467760343,Smooth,0,0.493495470719887
568,164.29977463937854,21.613702243882685,Featured,0,0.9484683045411858
569,205.15846400255555,1.6419812077495766,Smooth,0,1.0573309431457156
570,237.84056150364034,24.5508192418565,Featured,0,0.692087118871589
571,239.73911271423722,27.855232558313357,Tidal_Merger,1,0.6082405510276065
572,188.67252916418988,9.99899579611575,Featured,0,0.7591066762712427
573,162.2531848867871,4.61699714081321,Smooth,0,0.8039919002002494
574,131.33724486251256,22.469970522148706,Featured,0,0.22804448560941715
575,212.11405456298266,7.79012516851242,Smooth,0,0.7945546490709661
576,221.13162293940286,7.951418622278499,Featured,0,1.0923423256020135
577,167.97114293436317,7.423889436994391,Featured,0,0.6921493611083605
578,181.8733807405174,17.870394724845887,Smooth,0,0.863131592053829
579,131.99212022029246,2.1346703663372923,Smooth,0,0.6610123233270199
580,152.2217235242739,29.522683918995426,Featured,0,0.9401104190731933
581,189.3983917687441,22.637080836172096,Smooth,0,0.7958692006159566
582,201.84790695844111,21.631639826936155,Featured,0,0.6151896148294983
583,139.18507883685356,29.31839797699342,Smooth,0,1.183137866916282
584,229.6757580242343,22.644823750869936,Featured,0,1.0822330033830538
585,198.65637986340474,12.572984187512558,Smooth,0,0.6987733090179563
586,149.12847741414362,10.322748535483262,Smooth,0,0.9744470773544444
587,159.67245726686886,17.919371349921356,Smooth,0,0.9843530007050951
588,141.12349437350693,12.339119161986938,Smooth,0,1.010575308752794
589,191.08999060313943,11.162467648886878,Smooth,0,0.42643602600123054
590,132.00440082167046,1.5186741680722238,Smooth,0,1.101651635258157
591,131.09766543242944,27.28760085161332,Featured,0,0.7075752592685671
592,223.91634138751337,10.151035977756475,Featured,0,0.7605430166396833
593,229.9295617466991,1.5345061686119288,Smooth,0,1.5094704380650499
594,137.8274113690776,19.73849733613777,Featured,0,0.9254683451802529
595,213.71306927522306,29.76406918435748,Smooth,0,0.7534193811382061
596,227.52646367645133,12.149057621285653,Featured,0,0.2986764068110235
597,214.1371587696341,25.319804158260744,Featured,0,1.1974410334865888
598,226.12790853187667,17.639748883914983,Smooth,0,0.5136975822978493
599,176.6112079013639,27.264794931505868,Featured,0,0.5991402741251242
600,177.10025631490458,11.538332279363047,Smooth,0,0.7671619252280377
601,238.895625562894,16.975516809397398,Smooth,0,1.204102947925073
602,147.88786332793805,14.355851097585676,Smooth,0,1.0433099966664399
603,221.70149581313441,18.69413561243476,Featured,0,0.810540622539935
604,228.84166651423232,11.020215458318399,Featured,0,0.9270730159097053
605,150.0120943544798,25.992695506191005,Smooth,0,0.6999035767822235
606,179.52796707571792,7.5960349010993,Featured,0,0.8849134223913376
607,234.6992963965563,5.894609008686334,Smooth,0,0.8683341861945342
608,177.1572223085077,12.743825439942354,Featured,0,1.0921924739203384
609,218.6591804752674,0.48084469365369364,Featured,0,1.0917945306097374
610,185.01240272842898,27.555645913293638,Featured,0,0.9734943455514111
611,211.58055970196466,1.5589829439354075,Tidal_Merger,1,0.4775304884907796
612,222.32723415916024,25.265811926193436,Featured,0,1.0354555735975317
613,172.81535188609672,28.78776442827702,Tidal_Merger,1,0.5316063067593907
614,131.9661328206755,15.333409154685016,Smooth,0,0.5795214078217168
615,222.90043383885774,7.4561946278227795,Smooth,0,0.7491780520222653
616,190.1073347685632,0.1759418366148391,Featured,0,0.8711317459460811
617,199.06904284399985,18.513178332859688,Smooth,0,1.0775539459161863
618,176.34927025047773,21.523949718357365,Smooth,0,0.8041179569607118
619,195.71544123873392,12.794992417255834,Smooth,0,0.5477003221900985
620,132.6840859712192,4.1190009814671065,Smooth,0,0.8641854208242048
621,229.1273811540088,17.827254819257917,Smooth,0,0.8783640100141381
622,195.92323277533814,26.347574031970396,Tidal_Merger,1,0.5871675257805506
623,199.74062734095725,29.606878361648924,Smooth,0,1.0799678789886076
624,192.70672870983014,19.692288105019706,Smooth,0,1.1047308100224746
625,210.60816992428755,7.249767624575555,Featured,0,0.7014472819045834
626,217.7168623767621,27.864238820636558,Smooth,0,0.6959641354877641
627,143.17383450011764,16.69393912046466,Smooth,0,0.5899503222611318
628,179.24407679514601,0.22073488876243608,Featured,0,1.0247039175701191
629,156.61248483470825,15.810228737446012,Featured,0,1.212205027084429
630,163.266146240639,22.156171184277227,Tidal_Merger,1,0.48698361441821536
631,150.29238784470033,18.31128179345076,Featured,0,0.7896423588187517
632,205.84794261347173,20.000569556775392,Smooth,0,1.2166956392247439
633,210.54473750505173,17.25181720376444,Smooth,0,0.9763894633037519
634,214.078872508007,0.007230140554036479,Tidal_Merger,1,0.6372471409602111
635,213.18349753451946,7.595967210384307,Featured,0,0.5522708735065682
636,159.5738865820413,6.708076449710133,Featured,0,1.0196820173198546
637,203.43135123731298,9.457183039483525,Smooth,0,0.6177159148725604
638,177.10195764181762,24.499657296048706,Featured,0,0.5664949535162604
639,156.77363515403835,12.400273796135767,Tidal_Merger,1,0.4806456846466576
640,214.6992908408472,6.613380127362568,Smooth,0,0.7035518191378274
641,206.46590094523532,1.0329392571994367,Featured,0,0.7946000764037402
642,220.4790967215486,9.959145142075364,Smooth,0,0.4897545913687703
643,225.27937603524288,14.688733861507345,Smooth,0,1.0897040766169181
644,217.2033924930094,27.944711607567783,Featured,0,1.1319215736291073
645,199.95501778801014,5.047097373254756,Featured,0,0.3631643814647964
646,142.6934106396809,4.781846543142065,Featured,0,1.0946144514166376
647,219.53672964566206,13.584744158529803,Featured,0,0.6473678425445935
648,184.689224040927,29.094565939013542,Smooth,0,1.0642438842456965
649,158.01376842506562,29.708555117548237,Featured,0,0.8328883768333961
650,148.4092735460459,19.38140832289788,Tidal_Merger,1,0.5557551128161997
651,136.87033529809787,25.57627934626501,Featured,0,0.8037255876446953
652,150.68272080769577,20.787606876743656,Featured,0,1.1530323010583716
653,140.1273684690723,20.571383064740427,Featured,0,0.540102996868743
654,195.22339283258736,2.20092202378808,Smooth,0,1.0019600846837522
655,187.50061123201934,7.107999747199459,Smooth,0,1.1253325412223876
656,195.45857237702802,1.4766274362228482,Smooth,0,1.0290850201351027
657,174.21240049701663,21.15122719060778,Smooth,0,1.4311747285808543
658,184.64435447450865,12.765169778155284,Featured,0,0.7177633093188253
659,168.04713626482524,7.00702083205833,Smooth,0,1.0893262056483828
660,216.3693557532315,11.236447301387438,Smooth,0,0.8234773411646449
661,165.6767128426913,9.134712730620912,Featured,0,1.1583515190881672
662,205.16249142671558,8.929508327048413,Smooth,0,0.8480777510696577
663,229.90513375703551,16.97665815305277,Featured,0,0.7530310545343826
664,199.54907167114834,7.107719816901704,Smooth,0,1.1765180509679072
665,141.88283295437606,14.576568185688396,Featured,0,0.7271095152452675
666,184.50404478268183,7.17199152225089,Smooth,0,0.49681856027486093
667,150.61531385073405,19.302868485519923,Featured,0,0.7207882792065429
668,239.65616770305422,2.182048433360052,Smooth,0,1.004758236647133
669,182.90701788747361,3.186414827653686,Featured,0,1.1980096878967728
670,218.24166788294437,0.9139105892688038,Smooth,0,0.877782343824128
671,165.7143519579066,8.625335981512771,Featured,0,1.1795492668085064
672,195.30268703293922,21.978380977211962,Featured,0,0.5104562696306016
673,226.50854984461225,23.062925421634812,Featured,0,0.7391841337955243
674,177.05504471094486,13.826950146197456,Smooth,0,0.7778562207114746
675,184.15580280013,11.320454316909348,Featured,0,0.8213601431318701
676,148.75765360560206,23.87779161430507,Smooth,0,0.8710235970625491
677,182.05308973607129,16.336659739640265,Smooth,0,1.0227277393480483
678,215.2880765443449,3.4899518139978367,Featured,0,0.7387982904573774
679,134.32433538252087,8.536241570308013,Smooth,0,0.8847571717382814
680,237.31712209459064,25.73573350552467,Featured,0,0.8387192774189871
681,186.53884380757918,25.534522062779452,Smooth,0,0.6185275240272126
682,190.32610792929188,24.057418585083795,Featured,0,0.8215833277296412
683,177.72368141617704,28.155893504193912,Smooth,0,0.8140851175257204
684,159.98864008068873,9.541188350835597,Featured,0,0.8087298587492384
685,183.1900211391917,2.9873914062008677,Featured,0,0.8579398641453627
686,236.64174766029058,13.261002627933706,Smooth,0,0.8689183851533465
687,212.8770714482666,23.601690442006223,Featured,0,0.7419262052231674
688,232.99086836158193,25.855314698844897,Featured,0,1.1681786834928163
689,194.2150058565523,1.9997948946991828,Featured,0,0.5576298426992459
690,137.00050002153066,12.962018551998533,Featured,0,0.669757472882526
691,166.57017728635833,26.08623506577655,Featured,0,1.5449909060558888
692,228.33886810086574,8.844517150403007,Featured,0,0.5905021612526925
693,189.57976361269536,16.515950417886767,Smooth,0,0.5115613313225603
694,186.3934498552058,13.533902093935243,Featured,0,1.0336191862503044
695,239.20985228989775,16.28821333467983,Featured,0,0.3307200365565315
696,169.51567063397422,6.480943211792166,Smooth,0,0.7911815225068902
697,146.17808290219418,11.399372368961838,Smooth,0,1.386456231269122
698,191.35617591070275,11.316053473729161,Featured,0,0.46376601946164986
699,184.72938373607124,8.041415621359132,Featured,0,0.35450887856532165
700,132.12603940093612,1.968782645334527,Featured,0,0.4752046995105754
701,193.66874299631345,20.942116392102047,Featured,0,1.0745898920867463
702,136.20130463160197,10.22875714306675,Smooth,0,1.131194179996453
703,206.00315119127126,8.638360280279775,Smooth,0,0.7218528007553728
704,171.0576970792274,14.504942553204113,Smooth,0,1.0208031010002672
705,140.03267133535593,1.7004129649750621,Smooth,0,1.1975638318779973
706,219.87792780442078,1.8433887039236252,Smooth,0,1.2968366036074563
707,216.49795158571072,25.165615857122067,Smooth,0,0.788416179705038
708,222.62366238140635,4.552287388591573,Featured,0,0.2746320705825033
709,200.00732744980002,26.510519030639692,Smooth,0,0.6447802693975783
710,156.12985439617603,7.09829348122522,Smooth,0,0.7432989512661856
711,160.14607427559267,27.39124400669568,Smooth,0,0.7852653008554024
712,222.49587373685148,18.340249687431786,Featured,0,0.8030351497478201
713,180.5163865356654,22.250523869754694,Featured,0,1.1297236494826672
714,161.51953773411128,12.57548627706364,Smooth,0,1.1686071066718953
715,238.2046817789755,16.066274192933946,Featured,0,0.8070815865188041
716,160.29192916809603,12.193881538562167,Featured,0,1.1246212190129548
717,152.62559884151108,13.30317308508132,Featured,0,0.9394153416577723
718,157.1813557411161,6.173831309682651,Smooth,0,0.866126493215643
719,141.19840512444907,0.631107073814059,Featured,0,1.076636039277491
720,172.54088809305912,14.784587535984738,Smooth,0,0.8680630120594789
721,131.4403902247167,2.9089701289627423,Smooth,0,1.3644527942744404
722,159.5387131674368,13.49411972113286,Featured,0,0.4903972083013602
723,222.8587493866117,19.453936707007113,Smooth,0,0.7212072752269956
724,233.0504708236401,13.779110646392214,Featured,0,0.8183702757615124
725,141.08558015151692,12.58882148420431,Smooth,0,0.9598631726144976
726,216.48262174871638,28.655254814343973,Featured,0,1.1669901217757723
727,151.1517920689538,18.971887693965257,Smooth,0,0.8439003581909608
728,160.72036972998515,5.243438546248015,Featured,0,0.49444258762344817
729,206.63159062645815,16.736210269802196,Smooth,0,1.060628474113751
730,158.61735700582562,24.637782611185365,Featured,0,1.0387396915354912
731,204.01588354578877,24.71233385736899,Featured,0,0.36453533515514847
732,157.23157473078751,19.843986159709555,Featured,0,0.8490489665823001
733,155.70832901014762,23.939941056576718,Featured,0,0.4524645423299255
734,211.78590819207687,10.237333492731619,Smooth,0,0.6838372256244843
735,157.69605254079005,4.883729676186881,Smooth,0,0.6242977682593001
736,167.27467142726266,16.975553622320156,Featured,0,1.0523161745604965
737,146.81450531027653,10.179158019287023,Smooth,0,0.879207543543046
738,150.508208835868,23.265158901569983,Smooth,0,0.528602249810993
739,162.97805803217597,14.558002270278648,Featured,0,1.0700164907393355
740,177.48255008526473,11.878116785878495,Smooth,0,0.4915485440178964
741,236.6866709378403,26.697401290885875,Smooth,0,0.9325284476177359
742,158.94238269019272,11.047503221853992,Featured,0,0.6464973326771111
743,137.36709732277987,5.733168680734348,Featured,0,0.75858072936737
744,138.91508374984127,27.620742023358588,Smooth,0,0.976067687009596
745,154.26731479823323,15.845677852690685,Featured,0,0.9803623497648822
746,153.3193460168524,18.201486059100116,Featured,0,1.18424226838899
747,167.59990868676636,22.050755585694702,Smooth,0,0.8294365750821366
748,137.4620765015689,10.119918265372965,Smooth,0,0.9266127157408351
749,215.31730360178602,4.995106411485453,Featured,0,0.7405656693989189
750,168.4130532073927,0.3243325090558902,Smooth,0,0.8954974706556994
751,239.6300520781296,21.44156500506108,Smooth,0,0.959871512002128
752,177.6043567559189,28.097106542125175,Featured,0,0.825422538136406
753,195.29170289166646,0.8352315378775887,Featured,0,0.3990623789768759
754,155.21765347559057,15.702041127660246,Smooth,0,0.9328677240827238
755,131.33328521082825,0.18551467922690024,Featured,0,0.9411403693388642
756,182.36554424190098,19.89081611169442,Smooth,0,0.6799566309130123
757,173.24074971334363,7.585743547503335,Smooth,0,0.5289032409818715
758,174.38311528336368,2.8325669298144285,Smooth,0,1.2189697876259913
759,191.0593444232515,8.817502815148012,Featured,0,0.9728613777236005
760,207.12868477492856,17.569630062863975,Featured,0,0.7927297422695726
761,162.21042403710612,10.604195761821618,Featured,0,0.5657417792131281
762,221.17717024708705,19.89932128512006,Smooth,0,0.6445462928946635
763,217.258748548208,4.702812859549179,Featured,0,1.1756475991965578
764,138.31419752394737,12.317960917147998,Featured,0,0.8844154852170115
765,228.47275214559193,20.679312363080708,Smooth,0,0.7123532332498234
766,152.1027057524962,22.685767023203415,Featured,0,0.977422307806164
767,136.89585837840525,7.30327850296232,Featured,0,0.6464004531384191
768,199.68826818369843,26.537606646888413,Smooth,0,1.2252107575700946
769,223.41457515435957,12.937016093746736,Smooth,0,1.1882001337241812
770,214.80140291084572,15.100353918184622,Smooth,0,0.7333564821993058
771,186.97565804838368,21.736737274764547,Featured,0,0.6928324382422849
772,138.64363468705227,18.02836453613157,Smooth,0,0.19546670032693003
773,228.18140502351218,10.418654229170933,Featured,0,0.47960480711215797
774,226.52170513199303,11.368677294375228,Featured,0,0.5151325562605609
775,203.87305151520798,17.803841481141713,Smooth,0,0.8837975852468465
776,181.92736396209992,12.290186078775573,Smooth,0,0.7684415738896601
777,206.4054969978614,29.01984334060409,Featured,0,0.5136661281461896
778,233.2135300293331,7.714570533272875,Featured,0,0.7797089893838607
779,229.45745639431232,0.3869240936857632,Smooth,0,0.9763342869118371
780,164.40557881313896,23.003050690150072,Tidal_Merger,1,0.6555678699831174
781,185.28226841097867,28.197731186571264,Featured,0,0.37508242978527967
782,182.16356383232102,14.58520962314649,Smooth,0,0.8179341298790422
783,200.00415072017478,2.52639033531295,Featured,0,0.5041648057570973
784,217.93514387999468,13.291011190128582,Smooth,0,1.0754321742850685
785,239.35532973432842,21.530284733804987,Featured,0,1.0460366040883746
786,172.66086989086244,10.20668983353771,Featured,0,0.6254931934188854
787,172.8345432876763,7.967627949220796,Featured,0,0.6584886993999
788,212.23703181938762,24.43160337806284,Smooth,0,0.7346832373754232
789,164.5363389115088,22.60426816339442,Featured,0,0.2868016513171652
790,235.16518579731263,12.56798933951838,Featured,0,0.9339920433601441
791,235.33878129559184,28.43058531192839,Featured,0,0.7817888634149673
792,237.8035832814025,9.447553337666871,Smooth,0,1.0925437706419647
793,176.06726509815775,20.122950763291072,Featured,0,0.5753976955093618
794,195.39239687047905,23.071833994791728,Featured,0,0.6952192629375171
795,163.74542594743554,17.44766513549266,Featured,0,0.47336868549022115
796,219.70075713003177,15.29562028651373,Smooth,0,0.5989273591264367
797,190.13813072776077,14.583914556447722,Smooth,0,0.5545045009829452
798,222.47733308123202,24.00412748256228,Featured,0,1.0989934197116114
799,229.19514314008515,13.040344449494107,Featured,0,0.6754345378121519
800,238.28423987739075,0.676935351160417,Smooth,0,0.8810439211861534
801,185.61975687641547,15.094006642449592,Featured,0,0.7548091490345489
802,189.86793627250674,23.168026705125175,Featured,0,0.5326336834967967
803,198.20800315213648,24.7902243285056,Smooth,0,0.8079248942070894
804,169.00843734048541,5.048357655231385,Smooth,0,0.9997758329658987
805,166.9171499696827,13.261986393542252,Featured,0,0.5480601518641619
806,165.07535001532528,6.027340190565673,Featured,0,1.0522781976828446
807,163.10599236414978,24.825710818614514,Smooth,0,0.6375697696305759
808,155.8470745495548,11.593876929838057,Featured,0,0.7292540184817898
809,206.18885474487809,18.01749590961408,Smooth,0,0.9826707807525119
810,172.6982276739695,5.698042309830601,Featured,0,0.684140960695128
811,186.62990893226592,14.478037069845621,Smooth,0,0.8593937148339664
812,195.46448423962497,25.31041588994933,Featured,0,0.7713272928029768
813,173.61970605533972,16.972348518398675,Smooth,0,0.8823420016759546
814,157.3585699846393,16.519813777096928,Smooth,0,0.2548152236191257
815,161.07456725701374,5.737263872283641,Featured,0,0.39257954619797925
816,155.34583283290848,0.7751691666003357,Featured,0,1.0039917515117096
817,183.6174318074465,17.544834339173725,Smooth,0,1.1092953514122625
818,203.1483393823595,18.802600456269936,Featured,0,0.6223783241171197
819,181.9742690507165,17.65293721360357,Featured,0,0.7889929119572164
820,221.1807021565745,24.26478970475052,Smooth,0,0.9236798132255754
821,179.31509609063644,26.23194095124992,Featured,0,1.023304400414676
822,197.88594852644331,4.594335002518686,Smooth,0,0.3430806820822878
823,238.25213509401476,29.04980880297765,Featured,0,0.6284899382554057
824,155.6968526154901,5.675873771710647,Smooth,0,0.7668551550375312
825,152.68773252197678,27.283309921098933,Featured,0,1.0257850493090124
826,151.47646632521412,15.083503255400416,Featured,0,1.4746076209303736
827,170.97866011355057,11.507021730218764,Featured,0,0.7929985682975705
828,140.68941431478453,29.134527221048575,Smooth,0,0.4982556344740028
829,227.8040716334011,19.47461894492618,Featured,0,0.9505670193003245
830,162.62159034265238,25.24846379273446,Featured,0,1.1802489473851776
831,156.9887545582832,21.293551506719176,Featured,0,0.8770035302448752
832,143.71289493235935,3.80833241264918,Smooth,0,0.6233378637114267
833,185.339234585782,4.265441291620549,Featured,0,1.0894984853700047
834,145.47826808536342,12.164150289912554,Featured,0,1.0158864046246088
835,196.6878231526075,6.824448110806199,Featured,0,0.5934797889510939
836,139.80368753276184,12.58004041257865,Featured,0,0.9453564043835855
837,147.89697181894223,20.526272255654597,Featured,0,1.0993163919147182
838,176.13927933530448,7.956855675080238,Featured,0,1.1454725106397234
839,174.47506449147212,13.374766494810485,Featured,0,0.8333877561726359
840,142.89242962482567,27.44247986182981,Featured,0,0.7604801384551703
841,209.63703610127033,7.029751969515804,Featured,0,1.1568184555203156
842,236.85346034458036,19.042324233120887,Smooth,0,0.5474598742547787
843,137.06298307826475,11.766533803006205,Smooth,0,0.9596448227302513
844,169.25745726882212,4.941926882431852,Featured,0,0.5074933431588926
845,144.26468760466588,16.021083396139698,Tidal_Merger,1,0.7630752544519206
846,155.30097210164735,25.760943637337217,Smooth,0,0.7854886210972096
847,191.9734885783904,5.745639661504445,Tidal_Merger,1,0.8037166471294939
848,231.88134752749602,9.437629002421994,Featured,0,0.9728531890888817
849,164.93454747872283,20.922948517115774,Featured,0,0.5441949424845175
850,199.5983066623461,10.996535621376786,Featured,0,1.2061569330193107
851,169.12399881114442,4.613511165396486,Smooth,0,1.2378113166069324
852,175.82224113305213,18.11378271858354,Featured,0,1.070571623149804
853,201.03918939207267,6.329096718598512,Featured,0,0.659603033740945
854,239.87818732366196,0.9320439073336895,Tidal_Merger,1,0.48879720912851826
855,140.49392050445317,5.97470692791201,Featured,0,0.8863568043514398
856,153.18724117050314,0.8457402134166647,Tidal_Merger,1,0.40925792013371337
857,155.16779820407848,0.9031161663395681,Smooth,0,1.2730866431158012
858,154.00792766515707,21.281664654731586,Smooth,0,0.8860816179315092
859,174.75987567951577,13.087380790714722,Smooth,0,0.17416298822316068
860,228.19388821846724,17.0217283246822,Smooth,0,0.9348389531890551
861,147.20807469381947,14.520617175282123,Smooth,0,0.7629606507956717
862,195.04029793194223,10.744191495874333,Smooth,0,0.831268360970388
863,165.78633638395908,14.617960623001524,Smooth,0,0.757845158553575
864,166.63021043640177,29.488406386641024,Featured,0,1.0517616041516717
865,152.2728616181761,17.04805848806305,Featured,0,1.1299219446383453
866,156.56461337825547,17.39211344819316,Tidal_Merger,1,0.6066106324517307
867,210.13397448777744,10.43467042299138,Featured,0,0.7651722032154602
868,202.49499511454556,22.953197748993926,Tidal_Merger,1,0.541732559038166
869,228.59694003732318,6.303215787370554,Smooth,0,0.8548999041444071
870,192.68786533584483,12.424232046469987,Smooth,0,0.6493924900337907
871,156.44388041828574,3.7841297404845617,Featured,0,0.9947321621428087
872,234.02679617003105,17.183108300608374,Featured,0,0.9650105809651165
873,206.15042209696378,9.365692097073882,Smooth,0,1.2351103099441683
874,213.46538791330576,27.199598908559967,Featured,0,1.1638374450721187
875,141.64963848441334,26.805299141799537,Featured,0,0.6785812706024674
876,217.47940430458792,29.128207488138557,Smooth,0,1.0550745936272412
877,236.46460383295334,28.744143594134883,Featured,0,0.6122616542263821
878,212.49755782972778,6.308285337055841,Featured,0,1.0239830252352125
879,202.3374181530378,10.42556385941264,Smooth,0,0.720846450309973
880,185.67560491242685,8.45475009886416,Featured,0,0.5941866941561038
881,184.18799033921567,2.8993450286325686,Smooth,0,0.9200113356743511
882,239.57734408486567,28.044661213314036,Tidal_Merger,1,0.1
883,138.464852179213,22.939528511546207,Smooth,0,0.412256106398693
884,176.879943245957,23.494842927710916,Smooth,0,0.8056270290564291
885,139.73417522571114,13.988982388194565,Smooth,0,0.8706104416587106
886,191.07208927594087,19.75984064819301,Smooth,0,0.7576703074604527
887,197.68278275767824,27.458698211378216,Featured,0,0.4551409253206003
888,226.56130859672447,5.5230397008287095,Featured,0,0.6455270394653736
889,134.28956138324028,4.7161165067086275,Featured,0,0.9478023318093485
890,163.43410413647962,18.99536024687317,Featured,0,0.9954454426570907
891,204.82505571291887,6.731489393993865,Featured,0,0.8459442206010147
892,217.42905036249223,3.7153808011745237,Smooth,0,1.1392084452592472
893,154.5955422371398,0.4860119201840163,Smooth,0,0.9493492558648086
894,169.84589858175173,25.04921357048887,Featured,0,0.663136086510447
895,183.77312382826122,25.738047419919862,Smooth,0,0.7798744866470957
896,203.45851515490472,13.376598595794235,Featured,0,0.4992834606980363
897,237.03116102276903,18.41910918975698,Smooth,0,0.8229652524021458
898,233.92423028706708,20.9349835651551,Smooth,0,1.1280251548053346
899,165.91074390683912,3.9680614529544513,Smooth,0,1.021322521177742
900,152.1500160349572,10.574431408300534,Featured,0,1.2005023314797805
901,179.6525726762643,3.6749358589796763,Smooth,0,0.7742786890502517
902,141.20816268726148,27.601201576377107,Featured,0,1.1865249486285645
903,170.65316193694505,26.887087474383993,Featured,0,0.8016739433880075
904,193.93620435648734,16.57098413451703,Smooth,0,1.2178962706424734
905,233.92052245205514,26.3783866847102,Smooth,0,0.844535813139469
906,190.36071683032446,3.0979502662514524,Smooth,0,1.0268078434510692
907,193.80977181364,12.910295210672174,Featured,0,1.218778091077464
908,238.5575630260569,10.21234668342779,Smooth,0,0.8016430928546986
909,169.47135325358528,28.078117447456783,Smooth,0,0.9045972468860435
910,170.4734826432293,14.233047424415222,Featured,0,1.1722158563015754
911,196.62016782557527,29.04066516137216,Featured,0,0.816749209017484
912,197.84619686377954,24.827436524421064,Featured,0,0.5197769293734598
913,222.93628420663998,17.4975717693767,Smooth,0,1.3857517636462275
914,138.0039307000613,24.781940536448566,Smooth,0,0.7325588839157158
915,170.1053101017294,14.969038326623792,Featured,0,0.8896890127343857
916,188.33323465740742,22.094195238572183,Featured,0,1.1390016673627819
917,207.535811104772,12.607488054226257,Featured,0,0.6978765240671996
918,130.55677422308406,19.761529161810664,Smooth,0,0.5980330216944674
919,170.80351089735416,23.485458539599726,Featured,0,0.9134343241937083
920,194.89094555400965,21.36411137641815,Smooth,0,0.4017309005219026
921,235.89132561457177,12.939051190230439,Smooth,0,0.77802348078302
922,160.64493729351545,20.80266384168927,Smooth,0,0.9112596660788514
923,184.17694632007505,10.524573280050468,Smooth,0,0.7825120257937089
924,177.74230699796348,23.70394121178325,Featured,0,0.4641372642035632
925,134.1328199438798,28.515106847674044,Featured,0,1.2485444890510031
926,206.56226798591715,26.397438801810434,Smooth,0,0.8758845384872939
927,221.5686904880464,19.85001778887567,Smooth,0,1.2077880294404353
928,147.7343415979405,27.996152632779186,Smooth,0,0.7849909374548888
929,158.21830686886727,25.16518010295811,Featured,0,0.629997004577309
930,216.95607737023735,7.150116318839909,Featured,0,0.91729523006379
931,226.0003275533062,0.7393321390896801,Featured,0,0.7960532184179451
932,220.86743932777813,15.139118639323048,Featured,0,0.5555596355021605
933,211.05611194386003,6.773686564518874,Featured,0,1.2174460646968739
934,198.34216939545712,17.891807990773845,Featured,0,0.694432444276501
935,133.2086740009791,11.56657504475008,Featured,0,0.38993340380110786
936,171.7764358197153,15.147343537504177,Smooth,0,1.1820415134893332
937,134.74759031456338,29.7588824171593,Smooth,0,0.7239254960468442
938,180.12224280642843,8.277680831416404,Smooth,0,0.6980440268460939
939,137.83824005417844,15.33281464417194,Featured,0,0.4086531032425065
940,168.82543537975923,16.004406262343487,Featured,0,1.2852353716492477
941,179.76834677459627,10.061148186523873,Smooth,0,0.527629853197578
942,178.0695474232183,15.901570176371425,Featured,0,0.8646123701764125
943,228.52422553806565,12.488547856330642,Featured,0,1.0781550806351101
944,225.75796628963226,4.695876402472237,Featured,0,0.9554292332507742
945,179.98150680159569,7.728959962905875,Featured,0,0.835086422001952
946,209.42780320230108,6.985756706282827,Featured,0,0.4245835354281459
947,182.9674586663805,1.1943431833726148,Smooth,0,0.647568791058179
948,146.7657614663459,11.999490548807056,Featured,0,0.8969500845106305
949,175.05917843847553,24.67972405441282,Featured,0,0.6532064825032509
950,173.58662207929245,15.616315119145753,Smooth,0,0.9008398649996919
951,211.75125186047637,17.42305750843265,Featured,0,1.0204358522037853
952,144.03383330751203,22.68761374267303,Smooth,0,1.0906257214500255
953,213.72336907474738,20.61703030382049,Featured,0,0.5434551605468292
954,200.76170402865887,4.890573414446586,Smooth,0,1.3991615137447386
955,165.55232252228308,28.064535405824873,Smooth,0,1.0418698361385326
956,182.36199423056433,15.99970643578815,Featured,0,0.849571461582734
957,190.77510641486782,9.56451968619014,Featured,0,1.1223841457691601
958,202.93519109837646,14.233595395335698,Featured,0,1.4413519429999933
959,215.13905159680388,17.064382093016185,Featured,0,0.4903199747357826
960,235.73096202063056,4.063786103840724,Smooth,0,0.7936843393771615
961,140.44097305038366,4.721147500497312,Tidal_Merger,1,0.1
962,175.95370772026098,5.062483151946886,Featured,0,0.8981628831620061
963,135.10954539919976,16.703547327845637,Smooth,0,0.9413485604812851
964,178.14274609630237,16.803479490280452,Featured,0,0.8402094711393101
965,162.135911338874,29.097795760355726,Smooth,0,0.6863666072504225
966,190.8708308724749,24.152801303985786,Featured,0,0.33762137095291866
967,169.0417126964711,2.23285255315547,Tidal_Merger,1,0.6247067366823538
968,237.22724783614615,22.13783306996401,Smooth,0,1.2138586209788311
969,136.61565768608637,26.086010154449394,Featured,0,0.702245386066642
970,197.1682046685796,6.264928064837699,Smooth,0,0.9600149822557862
971,216.78257189536077,10.116374712188573,Featured,0,0.45796392164498734
972,188.58483758067445,17.309448372530454,Smooth,0,0.9643032659231284
973,217.07369480984335,12.253667442254478,Smooth,0,0.7516544255638358
974,148.79763461290725,28.215118586382076,Smooth,0,0.6593955123492714
975,229.10569852595148,16.09822527791323,Tidal_Merger,1,0.3979272717567739
976,142.92788714548155,16.92695450053608,Smooth,0,0.7515971044917475
977,230.02524422866603,22.50797291816527,Smooth,0,0.9456083289231338
978,200.13132184907346,18.24958500023315,Smooth,0,0.5219591997011206
979,170.6208847237095,7.510761887125664,Featured,0,0.7507211671080367
980,193.9045417876997,2.356087283783961,Tidal_Merger,1,0.5417056444001705
981,191.34797088750483,25.997870657865107,Featured,0,0.5752401938670352
982,153.42605776598018,21.868176003154716,Smooth,0,1.2991663004187544
983,171.31412479039383,2.1032441892377083,Smooth,0,0.6366261299846646
984,175.22051628607772,3.7575369328862385,Featured,0,0.6826407715916274
985,228.15327479536174,21.956182118595024,Featured,0,0.6054230125443755
986,174.19566807197566,3.173895608183969,Featured,0,1.2996200217845293
987,165.9303174368502,28.407086983815507,Tidal_Merger,1,0.6605810457198964
988,138.15159648323538,28.29587549080352,Featured,0,0.6158519984390894
989,171.23576374760745,24.698196380400905,Smooth,0,1.1265578897149922
990,216.97954813228597,19.37175130053161,Smooth,0,0.9001746735722196
991,141.4520614322583,11.639182631936592,Featured,0,0.9143133552778754
992,137.22795033711876,5.426757041366949,Smooth,0,0.7638806978118868
993,191.09748761628902,8.800602643230295,Smooth,0,0.6626460032607566
994,197.06671676678775,27.324726609911885,Tidal_Merger,1,0.6175532198109204
995,219.84574131561996,20.495266897194544,Featured,0,0.7137281925011024
996,152.0165268669291,24.02816164624291,Smooth,0,1.304188907393776
997,157.32138864067804,24.538904830474607,Featured,0,0.5326772236892239
998,147.7838579860658,29.71928211516537,Featured,0,1.2340391932137362
999,151.07522403083084,15.886008450673723,Featured,0,0.8221702878005498
1000,130.63345265479336,16.584446271550473,Smooth,0,0.9247714335052765
1001,239.7602941250176,19.767054197245717,Featured,0,1.0582894416573587
1002,204.13936289603035,14.459847531986012,Tidal_Merger,1,0.42395014099911277
1003,162.93217110758832,27.223895290392765,Tidal_Merger,1,0.7228496769397273
1004,228.77111056534324,23.13729222099534,Tidal_Merger,1,0.1
1005,156.56506907921167,9.517775230706027,Featured,0,0.6700026166945152
1006,151.94966960220597,26.426854816342573,Smooth,0,0.6189842981647337
1007,194.13457170666612,7.8348729753258075,Smooth,0,0.5366234969070596
1008,156.67175539982026,17.493906572987505,Smooth,0,0.7962612904802622
1009,136.1793685082183,16.736375507336568,Featured,0,0.9464374920454237
1010,189.0671865182755,7.49918672606489,Smooth,0,1.0256649996248264
1011,198.15482712058247,13.919562523211424,Featured,0,0.9102191893001019
1012,216.90334799377675,24.79393828476549,Featured,0,0.6835766337766133
1013,201.65624271870507,5.423554516871386,Smooth,0,0.9422541094562917
1014,230.0937458239831,14.895462666918146,Featured,0,0.8810714237127126
1015,218.48554656452205,17.603037235337737,Tidal_Merger,1,0.7372112335872033
1016,170.99573687135455,9.625636282495307,Smooth,0,1.0442341757328792
1017,172.67854359415566,15.55096390005962,Featured,0,0.8576191034801572
1018,230.35996801783602,22.248818623556666,Smooth,0,0.6256867484596857
1019,192.51394636690188,1.5104858090805973,Smooth,0,0.6867624610419798
1020,203.88707528464425,8.15863678194596,Smooth,0,0.7125526600904917
1021,170.45352859650185,17.356254546105944,Featured,0,0.771183416520936
1022,131.69343808604393,3.9512860561906527,Featured,0,0.9170126068974382
1023,183.75075094451324,28.60208638146285,Smooth,0,1.0287935975320146
1024,156.20010591513991,20.076570897746002,Smooth,0,0.8372203267461555
1025,199.25134665809102,8.91642341535288,Featured,0,0.8540311969751181
1026,191.2439182315323,4.542969431098899,Smooth,0,0.8858265762500009
1027,131.3868271973335,2.7905222778802496,Featured,0,0.721023671716915
1028,234.20116735729968,11.483523012091217,Smooth,0,0.618651935589261
1029,177.18387667731588,20.282791024937303,Featured,0,0.4111405256723225
1030,132.10418630810156,23.21985261882027,Featured,0,0.6762126604807819
1031,169.80384025256527,24.394260134451763,Featured,0,0.9682863633169467
1032,146.20333487068675,29.40016389590451,Featured,0,0.6742721404901081
1033,219.04676821973658,12.569093213385731,Smooth,0,0.790548240643515
1034,225.1124814043954,13.82606205808956,Tidal_Merger,1,0.6432862574824634
1035,225.37795504381143,25.00932031425517,Smooth,0,0.9801723741056672
1036,226.00292235227408,2.6519090144027513,Featured,0,0.5801167869584902
1037,171.89799422941238,26.71152962565798,Smooth,0,1.0992648391134103
1038,236.69058375960634,17.306436039336255,Smooth,0,1.1318375223388712
1039,197.2079087736091,22.990416393139572,Featured,0,0.56753753569536
1040,185.34498844380965,4.806768029295188,Smooth,0,0.6440407825897114
1041,231.90208674030953,9.576758933585655,Featured,0,1.1477726707865479
1042,151.53557842519007,17.32839241911401,Featured,0,0.8132866196861748
1043,224.38255981079521,2.501371613062786,Tidal_Merger,1,0.10604441050962987
1044,191.45066360954678,1.3458167288315104,Featured,0,0.5000796238168284
1045,189.08171960004026,21.063223623413776,Smooth,0,0.7876575937068797
1046,237.93047958301656,13.822008007250217,Smooth,0,0.5592393374288496
1047,157.84116930975696,19.013498542418628,Featured,0,0.7466440573408897
1048,137.31096583538994,25.5446754493964,Featured,0,0.8580990534208947
1049,156.56905258718498,23.866331757799443,Featured,0,1.2155636510086822
1050,230.05895013802518,18.129132594644368,Featured,0,0.7773865209430527
1051,164.86412465702313,7.094247367160836,Featured,0,1.1181354498931897
1052,237.28774468269776,26.6924697088614,Tidal_Merger,1,0.8357520324073542
1053,134.48526557102403,5.718294992233494,Smooth,0,1.208577417338019
1054,218.3302279153621,6.460778485638254,Featured,0,0.921188648346392
1055,156.98840206494532,23.959673410699097,Smooth,0,0.3591777130402564
1056,131.20954115243285,7.405710827871987,Smooth,0,0.9652062163509663
1057,212.06493671919657,6.045851340189385,Smooth,0,1.1120999719533853
1058,203.43527241199433,15.071154599162863,Smooth,0,0.8297332236411457
1059,176.15600686705687,11.85465892416915,Smooth,0,1.286145967518812
1060,189.9975056347596,0.7982509823305239,Featured,0,1.0649583903668645
1061,183.63283130407228,10.658519227107679,Featured,0,0.992068344288196
1062,229.58857061516701,6.944256412958944,Smooth,0,1.1215951778014595
1063,141.20824109602304,20.823949619287106,Featured,0,0.9333424628152195
1064,223.17669096822894,13.293820359687436,Featured,0,0.2267973751511616
1065,205.77738322551,25.74968816636574,Featured,0,0.7252152621324086
1066,213.45868532803127,18.466578695795373,Featured,0,1.1492920068119634
1067,144.02375285651806,5.545151938410749,Smooth,0,0.6481021649754259
1068,160.44957385704365,18.84091393708611,Featured,0,0.7941318736907652
1069,197.1601430516967,28.848343267633403,Featured,0,0.5887909215242322
1070,159.54183841990067,12.477409628925285,Tidal_Merger,1,0.9067845190403538
1071,237.1834288432783,1.7982990258392484,Smooth,0,1.2703731143545038
1072,189.40131060649617,22.156381601908905,Featured,0,0.6290327762148177
1073,207.1066044605032,20.17151529875111,Smooth,0,0.886824500097271
1074,172.47129015808517,29.240717881456543,Smooth,0,0.679876488058988
1075,186.7448092983561,29.442642747660756,Featured,0,1.0037361597578445
1076,217.81246968634525,7.660091212897324,Smooth,0,0.9774207693105822
1077,220.46646110351062,2.6225042361325155,Featured,0,1.0529263929033164
1078,148.36483976219185,23.953605151535715,Featured,0,0.9329796119269718
1079,178.9835780502932,22.45826125745497,Smooth,0,1.583851551597117
1080,131.19214166283282,14.776061421428677,Smooth,0,0.5930190587473152
1081,137.5585045496357,14.752138290569683,Featured,0,0.4223491613908714
1082,227.06580052480726,26.87447194680584,Featured,0,0.7517274498246346
1083,146.35290005284241,16.407866279564306,Smooth,0,0.4580029336099331
1084,155.08877491438258,3.783459671262317,Featured,0,0.47688443249850176
1085,199.9534359509382,14.61247632970734,Tidal_Merger,1,0.34973706916040664
1086,175.77693979977377,9.493713926232486,Featured,0,0.6194527736420932
1087,176.33728586234793,18.78164126942404,Featured,0,0.6113454745124849
1088,231.13311705358592,14.253250947955062,Featured,0,0.9795547376113529
1089,208.74074611502974,20.212686893522694,Smooth,0,0.7234527347286659
1090,218.62371682450583,2.0532212772787837,Smooth,0,0.80512135628188
1091,159.9144698741494,15.759547933521642,Featured,0,1.0735581936252336
1092,221.02708143169332,6.1796455256541964,Featured,0,0.6584193688046434
1093,146.21977793769122,4.900633492294695,Featured,0,0.7838635253238194
1094,152.70633989366635,5.959337306922174,Smooth,0,0.9414399965232289
1095,215.78631004433862,17.305721433981006,Smooth,0,0.36460804984494466
1096,148.6733695596295,1.177951549459807,Smooth,0,0.2537736227623544
1097,164.03099896490602,12.189966928913034,Featured,0,0.9365293321994307
1098,146.77929472056874,2.9402305434222322,Smooth,0,0.9730035701417246
1099,137.30882287913525,28.96829494142652,Featured,0,1.3660550337131028
1100,206.12810117268057,2.562254484247959,Featured,0,0.8895237189667025
1101,163.872293575031,21.577356017274955,Smooth,0,1.0549349293145236
1102,185.29008024157113,24.62088482300338,Smooth,0,0.8011318391035065
1103,235.97338776349056,26.724964448689008,Featured,0,0.9243068053962715
1104,199.9920489377173,10.790266836692034,Featured,0,1.2668142104373834
1105,195.80478234701127,14.017829880225078,Featured,0,0.3190017954685911
1106,146.99057219456563,1.3376427820243197,Featured,0,0.9534040643929201
1107,220.1107745369469,27.977001261178827,Featured,0,1.3838966825193415
1108,225.89619232514218,16.40031794691935,Smooth,0,0.9205085548023356
1109,213.85328869510562,6.246954258246433,Tidal_Merger,1,0.8801145926465697
1110,133.69749602016108,20.475351903486004,Featured,0,0.6926969626176394
1111,177.26224940128287,27.920167666871947,Featured,0,0.8419881264590716
1112,229.83231213187025,15.742069129842966,Smooth,0,0.8583811755971469
1113,204.55945203410488,13.914294740231288,Featured,0,0.2956022301603073
1114,132.8206272387079,3.576313285217201,Smooth,0,0.5579555430374499
1115,140.06355211375305,17.86099110470618,Smooth,0,0.5757812301540035
1116,134.61463457748,1.549720713439231,Featured,0,1.0555165195081317
1117,170.93837262212645,7.248038293072891,Featured,0,1.0680382764210137
1118,223.74902618302997,25.288364473685913,Featured,0,0.9310091106766333
1119,201.68335079134735,8.669055747631756,Smooth,0,1.0560257242139264
1120,154.79193948074425,14.000494674925925,Featured,0,0.8089626468195565
1121,222.5592308393236,7.308443759465828,Featured,0,1.1504829173848858
1122,203.9862330047639,3.6390899401660235,Smooth,0,0.852197110658018
1123,225.7828795370985,19.749223185181854,Smooth,0,0.8644660118566891
1124,154.98975127258663,28.085296924995156,Featured,0,0.7836018416843972
1125,194.4451267298871,18.775235849471272,Featured,0,1.021112619409107
1126,151.63189434482547,0.5507515199767188,Tidal_Merger,1,0.4657602366774174
1127,177.8055556944583,6.345202478453041,Featured,0,1.0941078442995171
1128,184.02053023214816,9.12922775462593,Featured,0,0.5669627148209984
1129,166.7454962235646,10.980847972395457,Featured,0,0.5752709363179516
1130,169.70712866340295,9.101566308873995,Smooth,0,1.021856688781626
1131,235.8389803321996,20.67262961244689,Smooth,0,0.8278639463542468
1132,204.10099592223986,2.941336143328195,Featured,0,0.7365271459617179
1133,157.12639984758272,28.002393810703644,Featured,0,1.072514433118865
1134,137.5908351874098,24.71689144873993,Featured,0,0.6981846464784789
1135,167.2094256593948,13.341383305750073,Featured,0,0.7999496864249075
1136,204.37953182829773,11.485001843053057,Featured,0,1.19980698751779
1137,207.23607058000124,2.670292046880265,Featured,0,1.2347855864526625
1138,201.71573854528606,17.039228919482415,Smooth,0,1.2430995525675819
1139,167.38624601448728,20.70968540702187,Smooth,0,0.7794685557665222
1140,132.10593547965203,7.408962374011875,Tidal_Merger,1,0.7961405809968941
1141,152.867488066063,10.64495566629488,Smooth,0,0.6127617930578304
1142,201.11046158017234,23.337282202456105,Featured,0,0.6232742813194847
1143,222.38474331533922,26.395132438244037,Featured,0,0.2623860368439097
1144,163.15156615805563,2.5839641719104103,Smooth,0,1.2682170504746324
1145,157.32219696175284,7.1437452976199625,Featured,0,0.6340050377309804
1146,222.80146304570061,15.111583037698688,Featured,0,0.818366855063235
1147,145.48832437819436,1.1269868863194177,Featured,0,0.622418914517929
1148,209.8291459227196,0.41047244282043316,Smooth,0,1.023791312082535
1149,148.95518583217927,3.9962977240988606,Smooth,0,0.756091584820665
1150,196.37934527195156,3.1848106064240165,Smooth,0,0.5237957773917626
1151,214.8003424120404,4.143758794207417,Smooth,0,0.9604156410465151
1152,187.13244454543312,28.88197751583417,Featured,0,0.49156749379744286
1153,201.42545570345698,17.105616473994132,Featured,0,0.6406485686711272
1154,238.60037422464387,19.914734245581755,Smooth,0,0.32327772134347976
1155,212.96730856502887,6.98705515948445,Featured,0,0.4940104719505983
1156,226.44422004379243,16.23341474636534,Smooth,0,0.8946322924301194
1157,179.10614680417405,26.92596979566252,Featured,0,0.3588659904742688
1158,224.61536626843784,17.473052306648878,Featured,0,0.47971356884457106
1159,142.10571169804444,0.30853487807076085,Smooth,0,0.849407770966798
1160,195.65370645765353,18.1140923653126,Tidal_Merger,1,0.4412786207813895
1161,144.17568542207897,11.75432683851515,Smooth,0,1.3480091589898273
1162,166.8716965810491,28.46942001141004,Smooth,0,1.308474136506094
1163,133.45721042554078,11.61967553925942,Smooth,0,0.6330193843122116
1164,159.8036968148002,3.8626331210416645,Featured,0,0.9892844046008704
1165,216.211207618276,5.60317584693388,Tidal_Merger,1,0.6998565113758903
1166,209.06135796388833,23.990755860083734,Featured,0,0.7006302854938992
1167,232.59815589460374,8.735893649898724,Featured,0,0.476114615875449
1168,232.05275115147344,11.074085814276135,Smooth,0,0.8469253876729855
1169,211.69771733199792,10.263978003356849,Smooth,0,0.8067885812964722
1170,177.6002049621675,25.29434595089236,Featured,0,0.7410588757573452
1171,154.15093155527822,28.973113316528615,Featured,0,0.9605792170411213
1172,206.4480074739197,28.141924187043937,Smooth,0,0.6623175982486003
1173,220.75543511980683,15.861219596521579,Featured,0,0.5620006131052142
1174,160.21741965526812,28.35051282745482,Featured,0,0.877270742587458
1175,141.7258078447149,25.773352729407495,Smooth,0,0.946492523142219
1176,131.2489009244161,18.581699080995058,Smooth,0,0.5558387640249867
1177,173.46439983726538,25.088739393073798,Featured,0,1.0820226527477703
1178,130.99423159872214,26.657978413114574,Featured,0,0.40737971555598046
1179,206.64108819005656,17.650566629494598,Smooth,0,0.7054716353210891
1180,133.49181419102874,5.478753907593034,Tidal_Merger,1,0.49839829276047826
1181,141.59014144759422,23.42046224063587,Featured,0,0.6909440718370176
1182,229.83721028122105,23.339549147128103,Featured,0,0.7087348816122019
1183,154.33303860015624,6.9667407270402935,Smooth,0,1.3177686205770285
1184,192.9059498349905,11.55174167156885,Featured,0,0.6372789777402753
1185,161.04057821625202,12.806841834699078,Featured,0,1.4603054306179786
1186,196.6352301292576,29.079654368525368,Smooth,0,0.9592816949327629
1187,188.42864808011353,14.203069781250642,Smooth,0,0.8730137843279979
1188,151.57074840122323,26.010348207318014,Featured,0,0.9690600883469165
1189,175.3153904537512,27.123409814385155,Featured,0,1.482481937312988
1190,204.4164724354971,18.701386978797213,Smooth,0,0.6016017490171379
1191,192.18632800287708,16.517119036240928,Featured,0,0.5698955202659026
1192,233.88934409637338,1.0902224494872736,Featured,0,0.6612834508570198
1193,212.21888472563634,17.315600286699265,Featured,0,0.8580357867411402
1194,147.37503051188827,19.37783679069118,Featured,0,0.41855721879685664
1195,175.6086536099726,14.252696186003043,Smooth,0,0.855584809829652
1196,155.15070860538088,0.03336282588562223,Smooth,0,1.273386783353418
1197,160.9104948799585,5.620403739803667,Featured,0,0.8878518476561944
1198,186.8229891290577,6.127694038091892,Featured,0,0.7768286352561807
1199,131.0747932161102,11.463704833799195,Smooth,0,0.6954598878290932
1200,237.08378660951365,8.740832185132334,Smooth,0,1.074627926137891
1201,227.21644734597683,29.273364556467982,Smooth,0,0.6435418066904881
1202,145.46082643361967,14.558719021851461,Featured,0,1.311598980149812
1203,186.71556314371753,16.79233984001025,Smooth,0,1.3333399369285892
1204,137.3317244616759,23.820433507978883,Featured,0,0.9141876996654469
1205,172.74139113973803,15.540312941282938,Smooth,0,0.8471212279808387
1206,235.7012161621707,23.355476401849906,Tidal_Merger,1,0.756131961648312
1207,188.575447305758,18.573642001400888,Featured,0,1.1236996255568312
1208,225.7108761291023,28.571602571961737,Smooth,0,0.6485020672351461
1209,168.3702587366427,27.99578751147055,Featured,0,0.7183612167158244
1210,227.26271096832485,17.26995758992259,Featured,0,0.519413141329176
1211,148.1296297302381,21.120943577749706,Featured,0,0.9522662345835142
1212,184.29012383741306,15.991658702841336,Featured,0,1.0166569708642226
1213,132.67475630745992,6.271781211205381,Smooth,0,0.5125185905346817
1214,221.75590567007436,0.11755124853279786,Featured,0,0.7362002737959602
1215,225.4956479815256,15.974127236516921,Smooth,0,0.5131865206046626
1216,154.22015221447924,10.350505197736982,Smooth,0,0.6253000474390406
1217,138.81980154900938,26.77407281856035,Featured,0,0.9877542650565748
1218,194.28938007331686,24.217849479787514,Featured,0,0.6666294833304302
1219,188.93521524822344,26.866885443955162,Smooth,0,0.7747935109919253
1220,172.10786408800266,16.989686404995965,Featured,0,0.4431720680131711
1221,223.62503386685427,20.515993555060298,Smooth,0,0.8967475524311661
1222,238.97470727723424,10.69214207548994,Tidal_Merger,1,0.5411453360310703
1223,181.82846888260963,10.621936870652823,Featured,0,0.6677601874917094
1224,145.32916814801067,26.897239754070306,Smooth,0,0.8027464255793815
1225,229.00915013181287,29.368420675639857,Featured,0,0.8950737201258611
1226,137.32212007056452,9.650591061039282,Featured,0,0.646282962772664
1227,209.9762437776929,0.25486735821628526,Featured,0,0.48093436399955514
1228,215.47542142169317,24.682807290969958,Tidal_Merger,1,0.9111148865373631
1229,185.5727450934302,19.69688107198957,Featured,0,0.6916818238224318
1230,200.6821719488711,24.845576079703587,Featured,0,0.8258099742032776
1231,210.9229425663109,3.2013545730706285,Featured,0,1.1027099337550783
1232,233.7004951548638,28.842498589261485,Smooth,0,1.7322637968926209
1233,161.07266183747294,1.9080430913339208,Featured,0,0.5388783875277836
1234,167.60593826425549,21.191159904299884,Smooth,0,0.9624568034316274
1235,168.02340116562496,12.081111629836807,Smooth,0,0.6731119286764734
1236,173.76411589503158,19.79070818791423,Smooth,0,0.7153024238558223
1237,184.46946011223972,23.77784439627404,Smooth,0,0.6699469947483025
1238,203.61202892318863,18.900560418564822,Featured,0,0.5685862580498537
1239,196.38424056477163,7.639912976698856,Featured,0,0.8396771595538346
1240,155.5141805727573,3.9105939012979665,Featured,0,0.4813743282379411
1241,170.7174570280989,11.429738210051998,Smooth,0,1.0867018916279676
1242,202.0766178702924,13.740858497516058,Smooth,0,0.8637507340083437
1243,155.23023547414397,7.342352389107818,Tidal_Merger,1,0.634486994580288
1244,174.4718721980356,7.669986699954433,Featured,0,0.7334528470134443
1245,196.0022602931234,5.7604825422011015,Smooth,0,0.7581990164470629
1246,238.90592351146896,21.442598293318376,Smooth,0,0.921890976291832
1247,174.32781966416775,29.15535903976454,Featured,0,0.5589873418985436
1248,219.2236146926818,22.342521948897666,Featured,0,0.760502391396666
1249,222.37817673308695,19.66307935321984,Featured,0,0.6350966215303865
1250,184.82045500134276,28.701613016680493,Smooth,0,0.6273577973522464
1251,199.40139692520796,21.29211254403061,Featured,0,0.3225404398435896
1252,178.24769611085495,24.35420155052659,Smooth,0,1.1848316473699998
1253,146.6371511608428,1.4629895643942126,Featured,0,0.6783653117115578
1254,166.4481707813356,12.468833460874656,Featured,0,1.1408440137908875
1255,184.07774626285158,19.785179449539815,Smooth,0,1.117198080348573
1256,239.6961689893963,2.5738285469846844,Tidal_Merger,1,0.2928000586967013
1257,229.71193220610016,1.6369622484809687,Smooth,0,0.5778971910817885
1258,204.9229639361481,27.38402401223585,Featured,0,1.490125739838921
1259,199.23385019487887,29.374546653018466,Smooth,0,1.2877314854817858
1260,133.34257656665204,17.751509066772012,Smooth,0,0.8421203716679739
1261,136.4406022168377,2.443416386734776,Featured,0,0.9143432766043373
1262,179.64235243321804,5.3895365386602565,Featured,0,0.6922883992632027
1263,168.02655928543115,6.068818474746109,Smooth,0,0.958088178550085
1264,197.10081587874345,4.049354582149263,Featured,0,0.6707045248193821
1265,228.78336038449856,9.465995419894066,Featured,0,0.3419115589254038
1266,230.46156423338604,7.169930406346539,Featured,0,0.5196110533722372
1267,152.51481199630123,24.343978174550454,Featured,0,0.8552731869626468
1268,158.57945296195376,28.996753181416324,Featured,0,0.5672331911243531
1269,155.05247097135305,14.709374682294849,Featured,0,0.8331806337716163
1270,134.03385696268973,23.092398685712617,Smooth,0,0.5813347401417842
1271,219.9027546958743,0.18141129551935253,Smooth,0,0.6544115193745016
1272,193.49198754080058,4.789990481014522,Featured,0,1.063291326603298
1273,223.3267916999577,2.542984632789995,Featured,0,0.9118701369100262
1274,225.579548292659,27.678112712818734,Smooth,0,0.8475838946716632
1275,224.61346369081252,27.529418337133002,Smooth,0,1.0697409932676627
1276,173.55675199287003,15.018585970017929,Featured,0,0.9701521483368368
1277,174.92985343777684,15.386242269158032,Smooth,0,1.211640822812842
1278,180.87881877464628,7.0122237611023275,Smooth,0,0.735035184421215
1279,134.98344107492488,9.216492510638126,Smooth,0,0.7425912553681228
1280,197.18580781833452,20.078048752525046,Featured,0,0.5247226834021637
1281,237.34611304010593,28.45108658366757,Featured,0,0.742754820656895
1282,195.65271338085782,7.6857454331806485,Smooth,0,1.0911924735756113
1283,207.1253553859221,24.23107107132171,Featured,0,1.1749968430655335
1284,151.5416392547697,1.5812936956031698,Featured,0,1.090076292021667
1285,159.48700049051638,7.839990536561513,Smooth,0,0.4014520333626409
1286,187.35902579479483,24.48170271342971,Featured,0,1.1207863031651835
1287,186.2845186327233,7.569357812090613,Smooth,0,0.3903703441819823
1288,134.57301449554313,12.910395971166013,Smooth,0,1.0745293310305868
1289,234.19734351222445,2.4368890442001803,Smooth,0,0.7580538683572362
1290,160.4565412961924,3.2413367812922136,Smooth,0,1.025633328483464
1291,130.42019149244413,6.279182275026257,Featured,0,0.5168879130263585
1292,211.60859596545868,0.29907704203555485,Featured,0,1.1427919081765365
1293,197.12476644254053,13.173919824145516,Featured,0,0.48375631347377773
1294,225.08765715552005,25.96935109118196,Tidal_Merger,1,0.41630901782936447
1295,174.39611025977504,12.360532168549692,Featured,0,0.6004763430577411
1296,163.32073017165118,20.121819763278026,Featured,0,0.4114287867943752
1297,196.8527334477995,5.2193219856541075,Featured,0,0.8736318918971171
1298,162.14400535080875,23.85330847580174,Featured,0,1.3015222794592403
1299,147.92278697895728,22.71848934826502,Smooth,0,1.5167263055800022
1300,153.44151744275916,5.976590575112295,Smooth,0,0.8742889467715619
1301,138.9934935143759,25.49877991509616,Smooth,0,1.1291703187668807
1302,176.8042667892883,28.84652196412699,Smooth,0,0.9080236594821343
1303,198.5746553975384,28.084891246529896,Featured,0,0.9747207986920532
1304,225.34473899566,14.52639418042925,Featured,0,0.7644628372181903
1305,194.70224936432294,21.22861757221606,Featured,0,0.8987692313556506
1306,183.6433775483391,17.598052122136814,Featured,0,0.9843696761516071
1307,206.41050547831006,16.222968939016287,Featured,0,0.7053850677809171
1308,151.55811486610597,22.817269273658468,Smooth,0,0.830626425026753
1309,163.34411915398616,1.1520263197903369,Featured,0,0.8353924702506279
1310,132.11115045053623,9.096593515327516,Featured,0,1.0566008293326312
1311,171.5049859359512,3.6995547322587674,Featured,0,0.5834919570930799
1312,143.77043714228054,28.66948401799468,Smooth,0,0.8371144478480871
1313,224.89045182640967,27.601144923271576,Featured,0,1.3280013672631743
1314,136.86334754581048,25.06715115271946,Tidal_Merger,1,0.7828120305171875
1315,193.53527024692733,6.351431164439125,Featured,0,1.1872947622221763
1316,217.40361065702092,2.1208982455309853,Featured,0,0.8561079600445085
1317,131.2134390871512,7.76377225093572,Featured,0,0.9302493909215057
1318,206.68493864809903,11.491764192630106,Tidal_Merger,1,0.7504472333405852
1319,206.50139273588485,29.173841700837066,Smooth,0,1.2400638823827328
1320,207.4487744909146,12.060816506647221,Smooth,0,0.3620992717792783
1321,219.0861890440098,11.889378764946617,Smooth,0,0.5211396732375386
1322,133.37177524263868,13.951090026627298,Smooth,0,1.177361025350662
1323,136.33146360183088,11.75731688831727,Smooth,0,0.7807776610577991
1324,186.39573621181594,8.116777694639742,Smooth,0,0.6820698026854807
1325,204.70125510589384,0.628023534801998,Smooth,0,0.5364597532510991
1326,130.60743288359626,27.318171516432653,Smooth,0,0.7112458246139726
1327,215.88377446752838,0.8131995700869932,Featured,0,0.49940767914404377
1328,218.41959997127913,6.2061562626686335,Featured,0,1.3727735681831192
1329,211.00422165722046,29.262311030542353,Smooth,0,0.8443909870048566
1330,202.46617033817893,15.133678250080662,Smooth,0,0.8355123645593205
1331,150.29731212920152,16.241232627223148,Smooth,0,0.997019168791958
1332,211.12591954049077,17.13597551888741,Featured,0,1.0905862923166423
1333,197.6741382054112,8.360829477855773,Featured,0,1.0864720391386598
1334,191.70317686889248,10.281927762837215,Smooth,0,1.1184054859768928
1335,193.81896061500655,3.539174508841847,Featured,0,0.6922886123022859
1336,154.8737864374639,28.980643773906255,Featured,0,0.7755332987607847
1337,161.81061909255448,26.43892636842275,Featured,0,1.0422579138605688
1338,143.31275005337125,21.526841479456074,Featured,0,0.718152734590095
1339,170.4564586531768,29.24280244008586,Featured,0,0.8487233419931938
1340,234.52610892028827,28.969169258004012,Smooth,0,0.9496909411062036
1341,214.09805741201893,21.278883814223043,Featured,0,1.046296270577594
1342,184.15056420928383,16.370879064390774,Smooth,0,0.40557975940744967
1343,218.73315583294982,7.19846711170894,Tidal_Merger,1,0.692949129977789
1344,217.07140228505068,11.785172294442072,Featured,0,0.7915689855370687
1345,237.5038698790654,22.50482498863803,Featured,0,1.0268644277160952
1346,193.17163325992323,26.70662011663668,Tidal_Merger,1,0.7053863384709658
1347,189.25719777479856,8.58405127374943,Featured,0,1.2519787652797894
1348,236.0431731882065,25.40355005609236,Featured,0,1.1883634119053008
1349,139.3321485493711,4.689509121265826,Smooth,0,1.186642915652574
1350,234.47799046211165,13.960108018184581,Smooth,0,1.2109175797915595
1351,136.3626944219736,0.3214589308607685,Smooth,0,0.9228447462039865
1352,146.70929628635238,17.481433480340446,Smooth,0,0.8580462717592099
1353,139.42240745560736,28.24003178360705,Featured,0,1.0682042707945836
1354,184.8286418821963,1.7064419333293968,Smooth,0,1.0330202378582556
1355,182.1680523074649,23.438719422170767,Featured,0,0.7727334408154349
1356,141.60210699522938,9.424861915109163,Featured,0,0.951205852202067
1357,205.99723742059052,27.97944301627436,Tidal_Merger,1,0.5429807066430812
1358,208.45275716108796,6.463887218271901,Featured,0,0.636516772884986
1359,136.8520977943069,27.807226864375924,Featured,0,1.1726151853440874
1360,169.17063984876307,3.6134201998969626,Smooth,0,0.8637998106325223
1361,208.46845444730076,14.943898306441273,Smooth,0,1.3621770644247126
1362,149.15202688674927,11.16130703436622,Featured,0,0.4436269324500418
1363,197.83153459728118,11.320895303899523,Smooth,0,0.7108053067891584
1364,174.5612963980323,21.699909119818894,Featured,0,0.8581597091727178
1365,179.99951712445505,25.406616732868585,Smooth,0,1.1343452744072284
1366,226.80869963176042,1.913836687607936,Featured,0,0.9498673431505462
1367,138.4677413771463,8.030053115828927,Featured,0,0.9276181885451878
1368,200.61686504875928,4.438750023282175,Featured,0,0.5681840518614631
1369,193.50069321564445,7.746804397799489,Featured,0,0.5607646506926321
1370,176.40109963927145,18.68862132550145,Featured,0,0.9306261650724762
1371,178.30647982971232,6.149376984777324,Featured,0,0.5089735015454104
1372,134.02046346329044,11.979977405976678,Smooth,0,0.7170305624276678
1373,200.2378542430494,0.39686438715881955,Smooth,0,0.9752293322714644
1374,137.4085661615649,9.234574500783575,Smooth,0,0.604418931930806
1375,131.02647818098026,21.046957968088268,Featured,0,1.2513389905904515
1376,219.41911100430855,12.197716120784168,Smooth,0,1.1559840860594726
1377,201.04046249151327,0.4204355257817094,Featured,0,0.4571450004154249
1378,150.33399010780798,27.62218951027906,Smooth,0,0.6169071892045032
1379,201.63562747456413,10.033275813543122,Smooth,0,0.2785556888762625
1380,192.1325246588878,29.34662005579675,Smooth,0,0.6543521593629666
1381,153.39088140082058,8.03991800653134,Featured,0,1.0415971191430997
1382,134.63025085999982,21.611519957593373,Smooth,0,0.7465262644312858
1383,210.39542227240088,14.305166331993732,Smooth,0,0.9651993109039918
1384,144.86829180703052,13.810661194044807,Featured,0,0.46941642042956394
1385,143.36515139310097,1.9228413310852643,Featured,0,1.0494938136454763
1386,175.50069424104987,17.725988021853436,Featured,0,0.7112226930179125
1387,139.18104934883218,7.970566945987905,Featured,0,0.8530424205707263
1388,236.2652255641545,11.00165725781397,Featured,0,0.8267813746517368
1389,174.8297334135674,0.5408702687673672,Featured,0,0.5321128697769291
1390,220.72175610817084,29.836927700535743,Featured,0,0.5617289170650543
1391,145.02609940162898,0.542432766170563,Featured,0,1.0919486172508566
1392,190.90826338938123,3.867077552204968,Featured,0,0.9497480393754238
1393,154.29380612593098,0.9745979007049488,Featured,0,1.1125122603883566
1394,141.58800329294664,3.926434156607279,Featured,0,0.9311645588756295
1395,152.14433186046767,16.070669113680893,Featured,0,0.8857476587023041
1396,200.03366503839283,23.45339477786179,Featured,0,0.41849734533330835
1397,147.47989844362888,27.35455708618341,Featured,0,0.7824083258097075
1398,160.22866391029498,9.290751333155674,Featured,0,0.843153919899064
1399,207.77951249933682,18.752746580595858,Featured,0,1.3382767995681435
1400,165.77090706471643,15.751480207361539,Smooth,0,1.0217391580246693
1401,207.74549385739903,21.843493120084993,Smooth,0,1.234015295427382
1402,225.8690486767614,16.666487096568595,Smooth,0,0.999384426473682
1403,133.97764185772382,19.840280368341734,Featured,0,0.6721741932626302
1404,211.1709132689428,17.881917933017853,Featured,0,0.8792810540374628
1405,202.24581151967234,28.73913199447362,Featured,0,0.9090559115660583
1406,153.74031302465275,26.585453163880352,Smooth,0,0.6152111075573296
1407,130.99595777384081,16.856308687245395,Featured,0,0.7539031558517697
1408,131.27825938989108,11.44849497327405,Smooth,0,0.798558251580707
1409,193.4372638743532,12.883436912361077,Tidal_Merger,1,0.8711239665130237
1410,148.29117056316875,24.355983720311396,Smooth,0,0.3298148686522554
1411,239.3233227789668,15.18419558083933,Featured,0,1.1514546051790107
1412,214.62353830054738,15.313803940393239,Featured,0,0.6158011912601543
1413,195.02433335843682,1.6607945081522857,Featured,0,0.5069802031825965
1414,199.75563521253105,23.42097912514886,Featured,0,1.144985532509616
1415,157.19541818434948,6.121931656398018,Smooth,0,1.0329745173085954
1416,139.66531490593167,7.124499155081519,Smooth,0,1.1636296755952975
1417,198.844590728566,12.515802556937295,Smooth,0,1.0501754868863942
1418,149.7651419757266,22.468894525811958,Smooth,0,1.3649612504343505
1419,204.02632846338756,28.414588080190644,Featured,0,0.9896809592361213
1420,166.0247087395706,21.052148216317715,Smooth,0,0.8108806559692103
1421,143.81052362389187,13.566453003051542,Featured,0,0.9357315943303356
1422,179.19227945553192,23.934140440232177,Featured,0,1.160867282086491
1423,161.36046855632318,29.932481670306018,Smooth,0,0.6551561686849707
1424,166.69912354205522,9.100928466425113,Featured,0,0.6870278543671547
1425,189.89466550142515,6.7699374915616515,Featured,0,0.7727599963505232
1426,130.35400899647067,7.7432292952024415,Featured,0,0.3238543003086669
1427,189.53932365437214,25.72591823255771,Smooth,0,0.8845196021043867
1428,210.78883252831506,7.204547880660426,Featured,0,0.37846782401224344
1429,183.6390590633932,16.18985366709457,Featured,0,0.8632648282331548
1430,231.14841271216545,1.7471349246082568,Featured,0,1.0663224390338124
1431,165.78196801979226,5.823863113379167,Tidal_Merger,1,0.4546247078712329
1432,177.02386567126766,5.6490757475131925,Featured,0,1.2692789675467178
1433,176.3893019560801,23.818054003555538,Smooth,0,0.484874775145378
1434,194.17309742427324,11.933803227872946,Smooth,0,1.147815170407958
1435,142.9306430165242,6.581681675887388,Featured,0,1.0187842641017302
1436,235.86920244363222,2.7708158433413557,Smooth,0,0.4209916879223277
1437,180.8206384008546,14.498828548989756,Smooth,0,1.5276985747601333
1438,160.7927286640537,1.1780824272495694,Smooth,0,0.8340636786240084
1439,227.72440395395495,3.9741196902577967,Featured,0,0.6306289944610921
1440,168.37550931972947,28.18705767075497,Smooth,0,0.49822820130399575
1441,132.410466165251,29.78496395045926,Featured,0,0.7949954930850814
1442,147.84567463607272,9.11205138675298,Featured,0,0.8181482819025101
1443,209.50115274626853,0.1096893403394783,Featured,0,0.8756613821349161
1444,145.31699082293548,8.044296888357625,Featured,0,0.7755509609440099
1445,137.51885203409546,3.5024370830638665,Featured,0,1.0083063275287734
1446,196.17730021609643,20.493428571691396,Featured,0,0.7530925418341884
1447,218.68214077723675,14.354732103215674,Smooth,0,0.3662589706898822
1448,172.81218466075794,1.5388154694364675,Smooth,0,0.8126596260875897
1449,225.48623591181953,26.332482145878746,Featured,0,0.2581305866566804
1450,233.0653605334169,15.058362153955251,Featured,0,0.9384426577228473
1451,187.76797220337662,16.392212226363963,Featured,0,0.6051749424293411
1452,187.30537749992465,17.934240402045422,Featured,0,0.89084008872895
1453,162.26394718586212,10.505595729958833,Featured,0,1.178518745381151
1454,138.55081006614833,6.561416667196176,Smooth,0,0.6128128261829999
1455,179.009580261608,17.46434408444226,Featured,0,1.1153140646280295
1456,149.05220569010166,3.61162736367267,Smooth,0,0.7416526083284617
1457,235.05665626334877,21.312654450372353,Featured,0,1.2882987005163964
1458,131.93075997032918,26.437520450456695,Featured,0,0.7587118467004467
1459,157.6978964797648,5.533771531796501,Smooth,0,0.6398767536233272
1460,154.11353860938488,26.534361827902774,Smooth,0,1.021809612598822
1461,172.2962460409294,0.5991879773408437,Featured,0,0.741052567594091
1462,168.2905152485117,9.345368970419582,Featured,0,0.6396376214677478
1463,200.11728916480274,22.571936469113638,Smooth,0,0.7305400373240521
1464,229.2134216424065,25.365324325216815,Featured,0,0.8388483669542496
1465,131.98072111605,4.911868736375129,Featured,0,1.1855450328112136
1466,141.1960719882444,1.8611029088634456,Smooth,0,0.3664780636351057
1467,141.76787027096543,16.15184937860873,Smooth,0,0.8557701647376051
1468,213.71263900372986,22.184076997161817,Smooth,0,1.0062258986635106
1469,235.61491648459918,2.644267301723764,Featured,0,0.898362143747949
1470,165.88793098452615,17.15692567376861,Tidal_Merger,1,0.8119730338867068
1471,226.39513764565427,21.87720747292704,Featured,0,0.8314136675603689
1472,164.78971647022374,12.075790664704261,Featured,0,0.8038621394535137
1473,164.20805538872284,1.4884312001651234,Smooth,0,0.9980823867533358
1474,235.24797970327148,5.2349545919386555,Featured,0,0.8748284537378374
1475,190.95958027673728,17.16368891166619,Smooth,0,0.7523978154298823
1476,196.3467320413027,20.06629593122056,Smooth,0,0.9790360098965949
1477,202.98911092183818,5.370949123247514,Smooth,0,0.6868679266958386
1478,217.36170644047928,27.832371992262217,Featured,0,0.6972057119951682
1479,173.76202880523726,13.9583259382777,Featured,0,0.7180014945585966
1480,171.8685622824238,16.491517654899333,Featured,0,1.1882672900416018
1481,181.56447620109566,24.625470277893864,Featured,0,0.1
1482,202.01157555525498,17.774804375292153,Featured,0,0.9488997086907356
1483,133.35502749329544,26.37990647035422,Smooth,0,0.8585679535500556
1484,152.76918362822695,14.637005858379055,Featured,0,0.4297823851904699
1485,136.87789253171303,27.098208667167427,Featured,0,0.9274316947840006
1486,206.57717596517176,1.4089326722300188,Featured,0,0.9689379979578829
1487,143.2699458210661,26.185782646969937,Smooth,0,0.99740980783935
1488,167.44258146799564,2.7216264824349254,Featured,0,0.18704298423876276
1489,162.39123354961094,0.19393073369131653,Smooth,0,1.1915973529636097
1490,187.02488241397245,17.294667094195976,Featured,0,0.6655658238287898
1491,180.6394098322119,3.223516578867244,Featured,0,1.021641936688294
1492,168.5137785083403,4.177622123541119,Smooth,0,1.0352684451705714
1493,239.02854887506743,26.591410858804252,Smooth,0,0.6308257285951767
1494,198.92517622025312,21.680507234234597,Featured,0,1.0151149880878876
1495,215.40921911496972,18.607045468833615,Featured,0,0.7536266897719104
1496,130.5095225305063,11.464184244977078,Smooth,0,0.33215570516546067
1497,151.7217538845931,17.884279486496908,Featured,0,1.1419354813819447
1498,133.70440442619105,18.050598258613952,Tidal_Merger,1,0.3949910073967521
1499,130.00127982309027,21.440882670198665,Featured,0,0.6363766343154864
1500,155.52199983396918,11.304318833226375,Tidal_Merger,1,0.4693868263926556
1501,135.71684120166196,20.701406652283488,Smooth,0,0.918059181331847
1502,150.36462217224818,3.9215197076927186,Smooth,0,0.8356823972944745
1503,159.68027921410356,13.750904382789185,Featured,0,0.9870167311767926
1504,213.85136482542774,22.113972418699174,Smooth,0,0.5151276583678353
1505,177.51395205063272,5.485133396064513,Smooth,0,0.6644034073923163
1506,150.69332756961376,20.770629184632426,Smooth,0,0.8210007319196166
1507,190.5943107670053,7.699416215582874,Smooth,0,1.3244718231646764
1508,203.01849803839855,17.2068984008013,Smooth,0,0.8215468653965604
1509,222.61269234709897,20.900669636195907,Featured,0,1.1213055659154079
1510,213.63188054343485,28.34122145017445,Featured,0,0.8596387921960794
1511,161.95549562385625,19.529152356556335,Featured,0,0.7290853406406078
1512,206.3565630860814,22.122943242813665,Featured,0,0.7883188939713899
1513,235.21515381294282,29.00905543854946,Featured,0,0.8078950719927797
1514,199.67409397483982,29.62008475738638,Smooth,0,1.0009114347401846
1515,217.21398609372233,27.445048499906342,Featured,0,1.1936528168941387
1516,160.79770030263126,18.05420201836342,Smooth,0,0.9399202119215803
1517,145.08633369680174,20.071605459508437,Tidal_Merger,1,0.7874155357483511
1518,167.09272331223272,5.008505371034076,Featured,0,0.6088025655925786
1519,133.0290391856412,19.44770862233466,Featured,0,0.7463423727964923
1520,172.22162471263485,7.801441207573017,Featured,0,0.6689243664480833
1521,183.83674600074545,22.356442280725037,Smooth,0,0.9286111477187131
1522,224.05332217819287,28.02098973391918,Featured,0,0.7602604037051466
1523,172.6986918827174,18.073483258997634,Smooth,0,1.0324432342585488
1524,173.73736164081578,10.139963430854701,Featured,0,0.6172495720918896
1525,157.85996218749867,8.255706353204271,Featured,0,0.8607577433303203
1526,147.6508875698349,8.41365194280166,Featured,0,1.021714477753064
1527,138.81263310231427,8.939317064875313,Smooth,0,0.3336743062398474
1528,151.40847630028415,1.648989205194662,Featured,0,1.3804078268325508
1529,144.1233718399538,27.396890588378113,Featured,0,0.779212028780031
1530,237.92581049710043,29.035936978540658,Featured,0,0.34374002158095673
1531,177.71991615341824,1.5367288921293976,Featured,0,0.8895234746441965
1532,173.83552078371108,5.435498371502484,Smooth,0,0.8583608669932877
1533,205.72426360705094,22.741212630336495,Smooth,0,0.8295264051068767
1534,198.71299257396902,26.86667222621655,Featured,0,1.0977977782316666
1535,185.29924291017272,8.410042576542375,Smooth,0,1.036861242856764
1536,199.81384005793356,28.371453253230733,Featured,0,0.9244690477559613
1537,191.3070886530309,16.39844818991013,Tidal_Merger,1,0.6400311267893296
1538,218.89324175208588,18.343908336769825,Smooth,0,0.8239103876404783
1539,207.51488390103114,27.9049560858765,Smooth,0,1.293872712310012
1540,203.43048892206176,22.81200201862448,Featured,0,0.48020099541055833
1541,215.42565380709158,9.309254463136426,Smooth,0,0.8849129185539741
1542,204.58177678149698,5.034437869380859,Smooth,0,0.866256157797195
1543,204.15433250896695,13.821365140448265,Featured,0,1.0533201015161482
1544,139.0619150177427,5.70386298956117,Smooth,0,0.6390365306437752
1545,212.46170149172173,11.306006410415655,Smooth,0,0.41408184940086595
1546,165.77016542294217,21.73794860542887,Smooth,0,0.8892057540245483
1547,202.21264680646527,29.247128184307048,Featured,0,0.920307623054651
1548,182.31006412355094,14.789481313742671,Featured,0,1.2223998523619122
1549,173.01896903169367,28.714044976193883,Smooth,0,0.5324094884187285
1550,167.60958059160393,29.52965936442124,Tidal_Merger,1,0.7809387533433441
1551,150.52237264564363,19.743066541694763,Smooth,0,1.4418535910067805
1552,207.61326897672575,23.501616599875153,Smooth,0,0.7555587781193807
1553,130.76473435843099,9.356383072911758,Smooth,0,0.5272644451266939
1554,210.6424324656809,1.5379037752799452,Smooth,0,0.7482564084066572
1555,182.89791612633098,27.462486044001103,Featured,0,0.8535012418428451
1556,134.34054861799893,25.446093856586863,Featured,0,0.9909469687517286
1557,224.12661149169145,17.813418958303565,Smooth,0,0.7021513175404881
1558,177.78436509072708,20.311134446460308,Featured,0,1.2387996335368354
1559,195.15853614526986,18.69631119204021,Smooth,0,0.5713669212479846
1560,165.52521202353705,21.94489392129417,Smooth,0,0.41519871195679997
1561,226.52192148797582,29.214012400714484,Smooth,0,1.1266776060718293
1562,229.9092474563319,22.535314108621282,Smooth,0,0.28134474219845007
1563,210.47484739308652,27.781786794547966,Smooth,0,0.7989675577818209
1564,197.96319642213354,21.82893413099066,Smooth,0,1.6294202823020119
1565,203.14028969359399,1.7537396171063102,Featured,0,0.8469891117600171
1566,142.01906313405834,10.161988673232942,Featured,0,0.5698080873259376
1567,178.56835515107147,5.803060288694477,Smooth,0,0.8356506340533015
1568,181.00682454339804,6.999984679479799,Smooth,0,0.8372998028451166
1569,179.04929770144233,8.941986035100125,Smooth,0,0.8901624850882791
1570,137.1902773320824,14.336020647394074,Featured,0,1.015565745539905
1571,156.6083211084723,4.9961554049181,Featured,0,0.5902222079080652
1572,160.09893329098324,9.612038584206447,Smooth,0,1.2718870138091984
1573,218.9926004320844,9.73519947506842,Tidal_Merger,1,0.5990228568745236
1574,218.00038299400495,11.114743111785428,Featured,0,1.031698511600451
1575,172.64136860012118,4.602386471672641,Featured,0,0.6929626500610894
1576,165.57087183270727,28.145435175741675,Featured,0,1.1715955342488833
1577,150.4078067273433,20.73739991357968,Smooth,0,0.7857368977967338
1578,215.21188842993,26.039388801927085,Featured,0,0.9193881283733829
1579,153.4862502941739,29.293695883062306,Featured,0,0.6167234807032227
1580,185.16679241559194,11.203738353981157,Smooth,0,0.6007670933994682
1581,227.9290162280008,12.871871079079979,Smooth,0,1.0220513266132207
1582,182.9478566798856,2.609010607677992,Featured,0,0.7390982924481535
1583,175.02674069465473,27.276064086194612,Smooth,0,0.6365442281239058
1584,165.6047160044668,10.142532280987842,Smooth,0,0.6892041644932424
1585,197.7583995286197,21.810555810424017,Featured,0,1.0247382679293553
1586,177.35822723084283,17.273774133669292,Featured,0,0.6927405346990972
1587,190.9182464783614,27.297904744791555,Featured,0,0.8205862670994589
1588,145.64743055559157,11.676258558703164,Featured,0,0.8537569375717742
1589,213.71415692758615,3.1741507456954263,Featured,0,0.37066277849742524
1590,194.7604674344452,1.0547775081358246,Featured,0,0.4822183986566205
1591,182.78631823342997,22.259331885419577,Smooth,0,0.9340694723118906
1592,228.18148983389756,26.54565353088013,Smooth,0,0.6657426597118257
1593,233.86931380247773,1.87293981833341,Smooth,0,1.1141812278201046
1594,190.37445315850914,7.559946649322152,Featured,0,1.091701776062636
1595,167.17946725366895,19.744794728927204,Smooth,0,1.0297921665888592
1596,206.54890299856828,6.986374384554451,Featured,0,1.3049429468281493
1597,187.90429270297244,9.230372684338455,Smooth,0,0.8292276680642042
1598,239.25805169652602,7.8682296544495465,Featured,0,1.0122204814759597
1599,192.30451043265867,16.937719168003905,Smooth,0,0.7038997558509922
1600,196.0653766696679,25.930987993679196,Featured,0,1.463092478217181
1601,148.68691066558088,12.35839645836791,Featured,0,1.3459084131090049
1602,139.821847697813,10.52129363976253,Featured,0,0.852970108629448
1603,212.30856594220242,17.566911863799056,Smooth,0,0.946646557476298
1604,234.74439642673542,29.95682419756886,Featured,0,1.1898243998412015
1605,156.62607986626506,22.711443440958764,Smooth,0,0.8132151237964732
1606,153.2355014620224,12.98301245124581,Tidal_Merger,1,0.4186751858400591
1607,235.90913927814285,8.982693744093199,Featured,0,1.0684974377517207
1608,209.87004670949278,15.938820550527957,Smooth,0,0.8696098115209175
1609,135.62489195863108,29.537276891283394,Featured,0,0.8957486124113151
1610,142.46338552002106,20.98583611207716,Featured,0,0.6414321642330086
1611,222.3782514199179,4.069844014811332,Featured,0,0.4205819629091509
1612,169.7544156973905,7.2529352243904475,Tidal_Merger,1,0.5972284819758202
1613,227.92365028997918,25.54611515693777,Featured,0,1.07624051037355
1614,218.1900891376771,11.6042172615564,Smooth,0,0.7935483127309895
1615,221.48667480433508,8.252966446773733,Featured,0,1.2091073798897167
1616,234.4472686023406,16.46618404627799,Smooth,0,0.6740209186461139
1617,137.8108430986581,18.434983807655776,Featured,0,0.58632388625852
1618,141.28247588419487,26.242412204669243,Featured,0,0.8331924232009672
1619,218.55993503452288,13.133444318988598,Featured,0,0.8293518561621773
1620,207.71232991355913,10.287889882775877,Smooth,0,1.0424921828338056
1621,216.15182546284885,15.778397307043782,Featured,0,0.6562592939840037
1622,231.30939732062336,24.14900501645056,Featured,0,1.1920235592037245
1623,215.840205330757,20.582734618304606,Featured,0,1.3417292406270633
1624,211.11771455936344,24.299362310504172,Featured,0,0.8402139932579145
1625,235.71773492164007,20.326374155513275,Smooth,0,1.1624276050460796
1626,132.30394571340042,7.319859070574167,Featured,0,0.585875732343685
1627,162.29510286909428,10.639986149552485,Smooth,0,1.118805385295479
1628,157.76806387784228,1.247368795397813,Smooth,0,1.1118191021398656
1629,143.26235743550066,25.71692812109373,Smooth,0,1.0658593200474695
1630,179.6363278599087,18.548550630411597,Featured,0,0.8461092277824265
1631,181.21578199457062,24.819064492117377,Smooth,0,0.11143776468949218
1632,150.0329707257569,5.863740011051997,Smooth,0,0.6895682140869677
1633,135.30046136326257,27.340254486492263,Featured,0,0.6935209955788495
1634,135.68498932854683,19.062430705857295,Smooth,0,0.6054362654848806
1635,239.81822625322445,19.486680202708854,Featured,0,0.8805607511367666
1636,222.19268186129213,4.987659910491019,Smooth,0,0.7452591386196913
1637,226.63671174314828,10.410070062365998,Smooth,0,0.6438469975587445
1638,225.18253347998035,22.18689744333804,Featured,0,0.5852999629380451
1639,189.47683243094014,18.890507857776086,Featured,0,0.6711217536286929
1640,169.09230255543133,29.621054169366,Featured,0,1.130374802962482
1641,189.69656914740733,24.82659156822141,Smooth,0,0.6847437363431265
1642,135.75905222062195,27.59377715338309,Featured,0,0.7212653233916819
1643,209.44936250412252,10.734337480067792,Smooth,0,0.7358255962441884
1644,138.3863139770921,13.746144157566478,Featured,0,0.9347483784523549
1645,156.6224287978965,24.26575617100696,Featured,0,0.9640623721321332
1646,215.12676213031722,22.081062012781967,Featured,0,0.1
1647,138.68660784099114,10.836481769274354,Featured,0,1.105408803456902
1648,217.42924338958133,24.706566798354572,Smooth,0,1.2090920085609385
1649,219.51745216776436,22.02453777124939,Smooth,0,0.5874533656595826
1650,145.0820676301899,10.04634870410955,Featured,0,0.6069254388162912
1651,146.36755663456273,28.47843515267951,Featured,0,0.7374366530554322
1652,188.04452128438646,11.504433677251276,Tidal_Merger,1,0.3987991961086791
1653,158.24542244925587,18.023764480188575,Featured,0,0.9059817184866515
1654,223.05135836455054,8.54024216539391,Featured,0,0.3633686784102839
1655,164.6947585322814,16.313612111752406,Featured,0,0.5705180979908151
1656,218.72172626475947,6.204536794001888,Smooth,0,1.234799300043727
1657,230.633049117491,21.85968852709808,Smooth,0,0.6179450081629956
1658,204.65369523398215,29.640418861962647,Featured,0,1.1608570695257312
1659,137.8307513306252,11.78685326679537,Smooth,0,0.9388345488975341
1660,182.1313342127713,2.8056037079372853,Featured,0,0.39768307135293546
1661,235.31928209419058,8.092273976213011,Featured,0,1.0088322988040515
1662,152.977099640568,19.52173153001401,Featured,0,0.8205831744517866
1663,193.4168123065679,22.495797938648064,Smooth,0,0.7361332359375649
1664,147.5499148124507,22.24698325400489,Smooth,0,0.9112392732930009
1665,201.74466855000196,13.661847157438224,Featured,0,0.968658371391698
1666,137.42528013522042,5.150345851296507,Featured,0,1.0268979554936548
1667,233.38153359748225,11.49646097841755,Smooth,0,1.1445632118870006
1668,141.86805696926348,27.87434151635062,Smooth,0,0.952033978194589
1669,158.22190620715003,16.776543953053743,Featured,0,0.5060914778034096
1670,152.47480217388673,13.46554096956009,Featured,0,0.7315886355872022
1671,147.07642705237836,24.124966949516523,Smooth,0,1.5857620838171553
1672,194.93244367662885,3.9954637700257023,Smooth,0,1.0311227650954318
1673,239.5967771389972,18.95167254979752,Featured,0,1.4423218252028742
1674,140.52860110721778,9.785107623847605,Featured,0,1.1988585205497964
1675,225.11946138805587,27.51804199733042,Smooth,0,0.9104505178889372
1676,159.58927448786073,4.235971906115548,Smooth,0,0.9253517674452794
1677,215.02136300637267,26.03169458415277,Featured,0,0.8408549900307886
1678,176.48032711431392,6.342937739967335,Featured,0,0.4155488460383751
1679,188.58789931005253,24.29773260908698,Smooth,0,0.854511813117056
1680,162.08288365802335,4.380630578908876,Smooth,0,1.1526686381355493
1681,202.5982450637597,10.318730596730566,Smooth,0,0.7000900012946991
1682,186.91909869305454,0.500146517988993,Featured,0,0.9529882497654524
1683,206.45387517444084,12.985197631715168,Featured,0,1.0628977614732993
1684,132.40057364530384,17.930470065703773,Featured,0,0.6225798901718811
1685,221.8423260479229,5.888829069332012,Smooth,0,0.7371742839140838
1686,140.329078736836,21.782545544515514,Smooth,0,0.5955221273807102
1687,160.37865136029893,20.75782089799776,Featured,0,0.6444585983276483
1688,138.3165544678426,28.522341396380153,Featured,0,0.5280986790867347
1689,143.40747026706424,1.6867288455291674,Featured,0,0.6248878846554933
1690,176.0842569206223,23.304641017208432,Featured,0,1.2048639201994598
1691,234.55050876328252,16.55063903419385,Featured,0,0.6211307427274269
1692,134.35807078831928,18.763003504997805,Smooth,0,0.8816148047651725
1693,144.3717578205809,17.18317529211327,Featured,0,0.724282811582261
1694,204.22649323841517,16.130763857729143,Tidal_Merger,1,0.7857731874073879
1695,170.0696847152883,18.575182060975102,Smooth,0,1.177790574150904
1696,169.27322783670132,9.872213383821837,Featured,0,1.0660174955347368
1697,194.93824595046502,9.507124131618742,Featured,0,0.9265336382756888
1698,156.35180797336696,22.61604248129739,Smooth,0,0.7922351157897753
1699,225.27051969728606,10.401562837077336,Featured,0,0.5520313239521875
1700,174.31606108959008,16.206518003358557,Featured,0,1.3358822202805491
1701,137.95481227837325,10.849982495851284,Featured,0,0.6600817455618616
1702,134.03934987509032,14.405505457856636,Featured,0,1.0159115867582102
1703,219.60321922545205,12.162684754174649,Smooth,0,1.1148913931558493
1704,184.8081250489799,1.0313057505517564,Featured,0,0.7111798757736676
1705,135.0213620052622,6.322892982897187,Featured,0,1.1095031318289905
1706,173.10453105068285,5.808714293863824,Featured,0,1.0410533008347138
1707,170.2998027623061,17.13781409811292,Smooth,0,1.2819909588454412
1708,229.66957665293864,25.631985399770407,Featured,0,0.7326633833933222
1709,156.14012983916396,6.373418315864189,Smooth,0,0.5285339956800712
1710,179.86177182228303,10.025781425193298,Smooth,0,0.7236275611388722
1711,230.01422264477162,25.525582719662864,Featured,0,0.9022133856335829
1712,149.9578978598777,16.91678763166207,Smooth,0,0.8645531817712641
1713,202.45629947808396,12.54434364488399,Smooth,0,0.7516405259313623
1714,228.3509124047048,24.588746086429346,Smooth,0,0.37270063525568925
1715,207.56530601276197,27.89611446881637,Tidal_Merger,1,0.6440965992258214
1716,219.40795239832528,8.119318259452971,Smooth,0,1.34308611977055
1717,166.88069550861252,1.3098278613902559,Tidal_Merger,1,0.6428502476246007
1718,145.3199279929726,1.4508813314634261,Smooth,0,1.0022838797633784
1719,217.98407815420467,5.2322780133449855,Smooth,0,0.9931113265387754
1720,152.93615657930695,2.496691986242169,Featured,0,0.9492616674705999
1721,191.97492009322394,26.005656390811982,Tidal_Merger,1,0.736333193373619
1722,209.49776534680512,14.790903754764068,Featured,0,0.9488434202964164
1723,138.63020194764925,16.208895953709217,Smooth,0,0.771830707586681
1724,225.78248913997624,8.757335204934218,Smooth,0,0.6510027724978115
1725,187.23384709941726,0.487303296283611,Smooth,0,0.7877565861798311
1726,196.11815834802564,8.674510033624529,Featured,0,0.9285323741126664
1727,166.32365713586472,20.285872390696177,Featured,0,0.7709792597192566
1728,207.4069757591956,10.685818303841383,Featured,0,0.9285846707828576
1729,186.7930383131315,12.853737115463863,Smooth,0,0.9597875334251044
1730,189.69090981783341,1.257456501487726,Smooth,0,1.0582948578175455
1731,142.6320507213124,22.03097029476655,Smooth,0,1.170698742209745
1732,217.47048142455742,24.734145528136473,Smooth,0,0.8695018546197144
1733,234.58499785044717,18.846197912791318,Featured,0,0.5230558587130848
1734,235.37275331624477,1.1258597259540937,Featured,0,0.7637239757952025
1735,137.80254377471508,21.966576189366666,Featured,0,0.8610156418516498
1736,198.66617955053914,17.9838341897615,Smooth,0,0.39105781095572745
1737,206.16797664568065,2.6011970278692065,Featured,0,1.1971661300256204
1738,197.86196102133164,23.341389194495974,Smooth,0,0.8855944781276166
1739,170.59583239370082,7.363633876167913,Featured,0,0.9453382086450712
1740,173.17429120473534,10.277732484333955,Smooth,0,1.1913816156315664
1741,237.79673622947357,9.468996461014568,Featured,0,0.6924642924644133
1742,238.34886217549627,23.443862662641276,Featured,0,0.9935104827210075
1743,158.53657767744218,18.30323766108704,Smooth,0,0.822533969224516
1744,177.60976024304162,7.207350553929118,Featured,0,0.8039782832460202
1745,210.25667961718705,3.347789998717424,Smooth,0,0.6569519030489052
1746,195.74351109729736,13.255611242731918,Featured,0,1.2664008034216319
1747,209.8577900983825,11.000366391089443,Featured,0,0.7561249899811072
1748,184.58846281705976,10.988591586195666,Featured,0,1.0248660617239256
1749,203.0038281898913,20.37199813486912,Smooth,0,0.3812481531320159
1750,153.35730217461037,4.236706301194484,Smooth,0,1.1449971324224466
1751,174.9607588207906,12.082184542404923,Smooth,0,1.1130527889892647
1752,141.11503921117114,10.074490939246036,Featured,0,0.8743585275743258
1753,179.59233085445453,25.26496129951143,Smooth,0,0.7932643834655189
1754,228.7102452370025,27.696712409556856,Tidal_Merger,1,0.6300000011227134
1755,134.97405371168082,12.791950704048675,Smooth,0,1.4221976652200723
1756,170.82242322731406,2.6910275704453737,Featured,0,0.4091908252741287
1757,140.04153444647469,10.03203536966246,Smooth,0,1.0455068468935318
1758,130.97496136248157,21.07196163241796,Featured,0,0.6220956744615244
1759,204.82510666744204,1.4881772504844826,Smooth,0,0.8450204009250671
1760,136.27955416982462,11.809065608323262,Smooth,0,0.7880299702303342
1761,220.52821855459442,6.922037706211613,Featured,0,0.7429204355505611
1762,175.29420957429593,17.890394924903276,Featured,0,0.8473837177368176
1763,173.3923906427039,5.0748568152726055,Featured,0,0.5664572136805524
1764,186.89959620857704,20.749302059199547,Featured,0,1.1072951090319918
1765,187.5730002511803,2.740597281706675,Featured,0,0.4014641222003499
1766,199.18371314578724,11.93053243299164,Smooth,0,0.9849411282070855
1767,168.76124412706199,20.600358351723884,Featured,0,0.7683660368663572
1768,222.69830923766102,28.435697017609822,Featured,0,0.5572687765481366
1769,189.58752936510044,21.59990407882339,Featured,0,0.9005958426496737
1770,175.23106697940446,27.347306617891576,Tidal_Merger,1,0.23860978265870442
1771,218.53974545255824,28.930597021079596,Featured,0,0.8599284554299087
1772,180.57804661462524,23.505045077637266,Featured,0,0.4942807730471114
1773,172.22227713494775,5.243549636500978,Featured,0,0.9653180210794577
1774,143.01698100157262,1.4792696132947403,Featured,0,0.6189106665924061
1775,187.17513434116194,29.31851469530788,Smooth,0,0.7372514957426726
1776,190.7097522651934,16.6973528550646,Smooth,0,0.9234873469857905
1777,145.43569700128666,5.182719548432619,Featured,0,0.656864472039441
1778,140.30422446109017,1.5829577357880786,Smooth,0,0.8355090000829244
1779,236.63535545688163,12.813151360810297,Smooth,0,0.47154237468878657
1780,154.2534829977193,8.948173627023682,Smooth,0,1.0077189008990388
1781,180.02407768079271,13.458977748532025,Tidal_Merger,1,0.9029827611101544
1782,196.12265129175296,19.34235745730456,Smooth,0,1.5480522169774904
1783,141.78892124737536,18.409137089681515,Smooth,0,0.8727920366666098
1784,174.98482388556968,7.535078026452039,Smooth,0,1.0470510351992965
1785,202.45785530509636,27.494674533465428,Smooth,0,0.4048435817731277
1786,227.64746010341298,19.24513443768755,Smooth,0,1.225683581576397
1787,198.27265278070425,28.50837670834221,Featured,0,1.0440571261810265
1788,157.42214520637623,23.257321555048478,Smooth,0,0.7290166387621917
1789,144.88894905054542,1.1984391985828302,Featured,0,1.1592952000722523
1790,184.6973356481624,17.856385023806244,Smooth,0,0.7863809808386646
1791,228.57004299158427,8.448481263168953,Smooth,0,0.7354937042463608
1792,185.91966016079078,8.003836483014926,Featured,0,0.9688337313568728
1793,210.17475864969416,11.881634323064002,Featured,0,0.5841613750424204
1794,222.08315906137176,24.17717527600324,Tidal_Merger,1,0.7543249528799897
1795,207.89892975098098,0.017938165043859255,Smooth,0,0.5860025470182891
1796,172.262738428438,18.393487172077243,Featured,0,0.5874863025442034
1797,212.32227846438545,16.304532857490436,Featured,0,0.6225775528979164
1798,233.92098846613877,9.960021063530375,Featured,0,1.0398750093790305
1799,214.1290780993295,4.985549988292476,Featured,0,0.6958061596200731
1800,225.86066492064896,9.526491007727653,Smooth,0,0.5130010539082077
1801,201.25991905895813,12.222236440640563,Featured,0,0.6985800000160505
1802,188.910919636764,19.083169039308558,Featured,0,0.8419894073298783
1803,148.25503848253635,20.30460130890141,Featured,0,0.5547568790839036
1804,168.91680746100798,12.894937725390076,Featured,0,0.562079722741414
1805,147.21243876039605,9.616896730827737,Featured,0,1.377824083524896
1806,148.42401980035186,27.548551061398733,Tidal_Merger,1,0.3778869192372226
1807,147.60274301095134,2.18695355614965,Featured,0,0.7692394078067483
1808,218.38914254088638,25.677755687738934,Featured,0,0.7581907498001785
1809,138.82571202278064,12.021125005034,Smooth,0,0.7446607980573895
1810,206.88437113361243,25.276635043955437,Tidal_Merger,1,0.6742693479938205
1811,208.45692659452945,24.04337328668861,Smooth,0,1.0870357376180124
1812,146.92854969738406,15.16562375170471,Smooth,0,0.773511392117102
1813,201.9721807557458,10.636446264858222,Featured,0,0.5408804283519127
1814,200.4962219283536,9.808230730100258,Smooth,0,1.1686100569622258
1815,132.98841633481157,25.0337475856829,Featured,0,0.8261647272008293
1816,198.25211635571677,27.325026809692613,Featured,0,1.2825804537142922
1817,188.56627505027387,9.47005443492198,Featured,0,0.2886035256087093
1818,140.93855320352796,14.514076195819417,Smooth,0,0.8988508053208301
1819,234.5584157844824,15.540460467255592,Featured,0,1.3296515834690519
1820,186.98866428626968,10.228859209289656,Featured,0,0.7616839661404604
1821,132.600244465097,14.05670983773404,Featured,0,0.793626644166341
1822,205.52489048418676,3.284470982069819,Featured,0,0.9238779228975846
1823,136.39801750560233,0.3153967362496046,Featured,0,0.7103010452787606
1824,154.66962404066157,8.89072840539865,Smooth,0,0.7719820169868168
1825,209.2040190200682,19.995659300791047,Smooth,0,0.7655462264521492
1826,154.86318975975996,9.035267609920764,Featured,0,0.6931448163934066
1827,233.90756414214258,11.392122144649463,Smooth,0,1.15721413755014
1828,210.2279273496796,23.414134151404646,Featured,0,0.9652695080741087
1829,207.79624977447384,1.460845451997893,Smooth,0,0.9126570580258255
1830,180.78877581944312,5.654995583866834,Featured,0,1.0521427517225292
1831,146.20031199073,12.241213848084499,Tidal_Merger,1,0.4971288333593067
1832,229.31844947111858,14.902302840179534,Featured,0,0.6564490454117748
1833,140.5088845218135,20.291951067300182,Featured,0,0.6993439238463606
1834,137.22643448498025,8.083183389109651,Featured,0,0.8504457602761522
1835,205.36477408619325,29.25261509123044,Featured,0,0.5851970729067745
1836,156.7830526233929,3.1987085680979366,Featured,0,0.7249347458533311
1837,150.26473231618286,8.767468702181636,Featured,0,0.7209708395321412
1838,235.58490829848006,6.458071373575028,Featured,0,1.3811390574572533
1839,209.98859767429389,12.713103597927702,Smooth,0,0.1565462650165208
1840,230.45646078121183,24.440130141299676,Smooth,0,0.8050950696485917
1841,159.15510711575044,26.01180547136842,Featured,0,1.2814234482036926
1842,151.85872496875896,18.453874216235995,Smooth,0,0.8804611160331135
1843,233.21745025031416,18.902793805849903,Smooth,0,1.0383543683552732
1844,221.0291685123562,4.63562489971557,Featured,0,0.8749565787749419
1845,148.37373407012828,12.23334103218488,Smooth,0,0.6831666546958799
1846,167.48838942783198,24.169464160900258,Smooth,0,0.2895210163727717
1847,166.1626771316259,5.306908524719518,Smooth,0,0.9013639217590756
1848,222.1103787747166,3.5924036550159566,Tidal_Merger,1,0.3948786790795218
1849,238.6839562771151,20.533060832079222,Featured,0,0.6499161484586741
1850,236.04191478294726,26.171836900644447,Featured,0,0.725253186005222
1851,206.797788542172,18.179909018130765,Smooth,0,1.2862153516558734
1852,196.32371641274077,16.407465413793727,Featured,0,1.451209385563493
1853,220.43978754980657,22.21528563654956,Featured,0,0.9043019843821002
1854,180.55424629349852,22.61441138935107,Tidal_Merger,1,0.45704655521765447
1855,221.97294735279735,27.270167665071092,Featured,0,0.5556933956371974
1856,229.26986380144257,26.381791704215864,Featured,0,0.9671350403865172
1857,147.64019467317175,9.385338840170045,Featured,0,1.295726400016286
1858,183.7065250723956,21.994811344103987,Featured,0,0.7881649032437108
1859,194.01685421058386,28.433390939076894,Smooth,0,0.2552509898116939
1860,186.3920228459558,7.585122020708678,Featured,0,1.0175124179538808
1861,175.7352613875654,6.406124336518541,Featured,0,1.0963499278625124
1862,131.01167567782926,17.845421385057286,Smooth,0,0.4535385899035381
1863,187.53719672460312,17.41935677728902,Smooth,0,0.8941210459157382
1864,215.78299346662578,7.458146538399189,Smooth,0,0.9628065040340247
1865,175.63014525714317,2.6963055520848203,Smooth,0,0.8317231744977653
1866,157.20743474009916,9.885912413219902,Featured,0,0.6523072702286615
1867,183.12657592938908,29.268057574699572,Featured,0,1.1039843058908891
1868,131.43021158618097,22.268141767568604,Smooth,0,0.7491550635078293
1869,132.55991293094084,0.33907609767067415,Smooth,0,0.47870345932501696
1870,132.10277038727403,27.177350137039426,Featured,0,0.33763137858257974
1871,229.00254357378122,19.460488600720936,Featured,0,1.1652123799998275
1872,177.34701513530894,26.206027927356438,Featured,0,1.0041659941177796
1873,185.3445719806694,25.517405919197984,Featured,0,0.8719933867822922
1874,171.20738760891183,16.39375625184373,Smooth,0,0.739931340787299
1875,161.0238029828437,21.28316593901924,Smooth,0,0.7177503964492182
1876,227.5795066691629,3.1336355430045417,Smooth,0,0.5810658378895972
1877,237.07208810813034,3.813078413122212,Tidal_Merger,1,0.46370887108802306
1878,201.52212016379687,14.031618479134526,Featured,0,0.3199781962199564
1879,226.21718399526193,19.8694121619216,Smooth,0,0.6659840866328715
1880,145.2709889914351,24.37421463132515,Smooth,0,0.7722656209122265
1881,146.54585802138809,28.959081708911995,Smooth,0,1.0024700117976046
1882,132.56873059610044,18.804987132452016,Featured,0,0.8400183841566591
1883,140.63440946113917,18.2463413029934,Featured,0,1.0487307784688897
1884,176.77510039814632,14.739912957363927,Featured,0,1.1872837762783575
1885,146.95595474963358,26.242981876619805,Featured,0,1.1145425234560253
1886,142.87737180703664,26.58258326440549,Smooth,0,0.9676274618446392
1887,226.70301383183812,10.88948521211615,Smooth,0,0.8529656697951961
1888,146.73147115445002,16.937822438709645,Featured,0,0.6048029978966102
1889,207.24846426348307,18.94633136028481,Featured,0,1.0349860128448292
1890,202.98519460188612,0.9733033814156089,Smooth,0,1.2699368455553823
1891,198.21458575816905,23.05743992739606,Smooth,0,0.9355265099126046
1892,236.0924319290893,21.36660615531476,Featured,0,1.3293147871065307
1893,140.8235214684737,2.773485511111998,Featured,0,0.46860707298472903
1894,203.0168654793148,26.090876545549015,Featured,0,0.5614591538051146
1895,174.20759198798032,1.0289370390993502,Tidal_Merger,1,0.7210403015496526
1896,185.64775467729126,15.17090231344122,Smooth,0,0.9160725525383128
1897,234.1799733819371,21.390428755852223,Featured,0,1.178445544142952
1898,187.05710938186544,24.23494355479867,Featured,0,0.8461320898183151
1899,205.66742945308948,24.566078115614147,Smooth,0,0.633006144367917
1900,233.09513359600965,7.042632651749139,Smooth,0,0.7966016894487393
1901,234.65436764273227,2.39145219561855,Featured,0,0.46682900726906645
1902,232.4929091376098,17.58706496342285,Featured,0,0.5678523317257413
1903,187.3605602593619,12.409965707496209,Featured,0,1.0931109994795025
1904,162.48316253290162,10.124311371389156,Featured,0,1.0681968536174025
1905,164.2438469071604,14.460520193307975,Featured,0,0.9407510712015192
1906,152.6425331040445,9.835285136574548,Smooth,0,0.41973061975988263
1907,218.86305361353845,9.836519820547755,Smooth,0,0.7603991061217779
1908,157.61015215885303,23.239578593790526,Featured,0,0.5437500278349874
1909,137.92927695985406,19.448925818964046,Featured,0,1.1441333134469414
1910,136.9914185314626,7.124356702567725,Smooth,0,0.7040694666093497
1911,199.78000577588557,28.22070563169695,Featured,0,0.5785630723046127
1912,202.30888303871416,5.0036200555102255,Featured,0,0.857449041280356
1913,197.30381841946175,8.57122702982671,Smooth,0,0.689961385791347
1914,177.6819456031198,10.746571237292184,Featured,0,1.2209359775509268
1915,188.94104529203895,11.8126542469622,Featured,0,0.6662972756164522
1916,179.94017833157264,15.096612445759034,Featured,0,0.5001929351938421
1917,221.10741776809402,18.862020451799786,Featured,0,0.31177162106062106
1918,182.2093963324795,10.249233380718055,Smooth,0,0.8423033743966462
1919,177.4083742564626,23.739321429380006,Featured,0,0.7095174715355184
1920,163.6878982865273,28.7661561957123,Featured,0,0.4927738483720683
1921,215.8578066768248,3.938639160144727,Featured,0,1.1473066153139464
1922,227.84712421481396,12.327987148882748,Tidal_Merger,1,0.6834490294858484
1923,155.25579768293656,3.3162949892574156,Featured,0,0.8429455302656925
1924,230.8298759425328,24.76604524561247,Featured,0,1.1910815610427166
1925,153.64344164498326,21.604723827928208,Smooth,0,1.0156340083496533
1926,146.7227338441513,18.17690445538449,Featured,0,0.6442860246203919
1927,227.94504689412614,1.4539269742746697,Featured,0,0.5901949590023085
1928,233.58982827808177,9.927442973405856,Featured,0,1.0544953861134654
1929,141.45194401830312,27.211258812450655,Smooth,0,0.9490917391168378
1930,215.75429209234287,11.793653946212375,Smooth,0,0.8924369419926654
1931,203.93491021464664,1.6681656504138187,Smooth,0,0.6383755492827732
1932,133.9620700120569,16.175813823819432,Featured,0,1.0019868917514385
1933,201.8020718637062,10.663180120921853,Smooth,0,0.6611252792165127
1934,224.57741422928103,14.490423385318515,Tidal_Merger,1,0.5296026690812644
1935,149.23695808935554,9.311126673243601,Featured,0,1.211736036596745
1936,235.10760655504282,1.1976759769125367,Featured,0,0.6847914410474636
1937,206.69303201006005,13.798258538818883,Featured,0,0.45675268573178474
1938,147.933887062475,22.64797619355151,Featured,0,0.5868632020324724
1939,161.43341570519766,16.10577439507855,Featured,0,1.0985747066719058
1940,160.22046780714714,11.27463657023823,Featured,0,0.9136827843450523
1941,219.8259383418735,24.290251087976678,Smooth,0,0.8177806553278116
1942,192.76707213027126,22.866361749425312,Smooth,0,0.7227265486721076
1943,173.87050589865905,25.02492324625324,Featured,0,0.9713399768882975
1944,212.3002303253731,7.221377569905202,Tidal_Merger,1,0.38017902980195534
1945,185.28943668931436,8.622076015364476,Featured,0,0.926416392160649
1946,136.19336032500212,12.82459362270804,Smooth,0,0.6671863577967607
1947,143.26142580440592,0.5895444824054341,Featured,0,0.6255851536812365
1948,169.43123013987,13.145358397450336,Smooth,0,0.690628141293747
1949,192.98679561702247,4.645280448606822,Tidal_Merger,1,0.4749185107032077
1950,224.99022747659996,9.21263230080746,Featured,0,0.8377925410165742
1951,214.39071178242398,3.9506071030862113,Smooth,0,0.9088639487777785
1952,219.9187917912285,23.887308283691617,Smooth,0,0.1
1953,156.38615240315391,24.97173125105724,Featured,0,0.6480873605633087
1954,185.04412602812215,11.36110066743478,Featured,0,0.7521075056609902
1955,130.21913487409773,12.997527969270838,Featured,0,1.2262655096520825
1956,142.99813103838218,1.207740090276963,Smooth,0,0.5799993479044669
1957,229.00205060329156,16.654013602595654,Smooth,0,0.890699154524978
1958,195.88763589949315,17.86244404860325,Featured,0,1.2237575774339593
1959,137.88830777324162,19.978414982413927,Featured,0,0.5217578675131818
1960,200.5907837028414,3.055417954271482,Featured,0,0.9484938064661006
1961,232.24820586726082,22.654008523355877,Smooth,0,0.6494320415163699
1962,171.20081757221334,4.49727759741419,Featured,0,0.7238415644276913
1963,192.87739584168898,14.32248568441061,Smooth,0,0.6492222915116713
1964,234.65655429301225,26.9579073170691,Featured,0,0.6670356728960285
1965,205.84114660509923,6.122629834672808,Smooth,0,1.530478036976623
1966,237.34372874087882,20.323142136848833,Smooth,0,1.0611139680179165
1967,147.68888565592485,15.968756278543633,Smooth,0,1.1254344654465522
1968,192.230516039537,3.6109072862995815,Smooth,0,0.972998371709124
1969,214.43243913697103,2.845475797594683,Featured,0,0.44843580289951046
1970,145.84866646145196,3.9772223245344707,Tidal_Merger,1,0.6289915940646615
1971,191.57312520022208,4.316038990299893,Featured,0,1.1182324036268367
1972,149.6399128259767,6.249461700255539,Smooth,0,0.6366501314902221
1973,137.13389539312652,24.23871984327057,Featured,0,1.0913316667902817
1974,179.1761098187068,17.881307864329415,Featured,0,1.0260840524635197
1975,234.32986376583722,14.887176657024417,Smooth,0,1.3130100112034175
1976,171.70034535391298,10.500206054195363,Featured,0,0.7455542468715952
1977,163.52262049247466,8.151527966945391,Featured,0,0.5755972544310684
1978,228.69373337486593,19.71091494702322,Smooth,0,0.7595929726568635
1979,186.36001553003697,4.3162846616934045,Featured,0,1.2088927482909058
1980,236.45376117965182,27.242510611795634,Tidal_Merger,1,0.18431882383160741
1981,137.96915765740147,23.25703616697168,Smooth,0,0.3329060711422419
1982,199.03138880924698,9.729881320545541,Smooth,0,0.8723488197329033
1983,164.30502437085715,6.22534486154637,Featured,0,0.7393526768064609
1984,177.97391820488485,8.645535778785884,Smooth,0,0.8519319732939211
1985,140.1888031356504,10.55129453876425,Featured,0,1.0863279428089663
1986,201.49603238555417,3.1762295463938797,Smooth,0,0.7118576634702869
1987,157.10422365630174,9.377940747249005,Smooth,0,0.38174854226734484
1988,158.44829183768428,3.78330425035875,Featured,0,1.3611203892999861
1989,198.88423537945567,19.366030692315668,Smooth,0,0.600692928140306
1990,183.36041259774942,15.970807045839447,Featured,0,0.5852407194969755
1991,216.20183140152574,28.728949388177636,Smooth,0,1.125930003430649
1992,133.29709488599457,28.593603431824135,Smooth,0,0.7538777197396205
1993,180.43753097700798,24.110803556319073,Featured,0,0.8341525369912973
1994,194.92537335559956,28.036316421465465,Smooth,0,0.9706975310150795
1995,168.2077658884727,19.665299155383376,Featured,0,1.1208957757774989
1996,136.891852380089,19.866964749887792,Featured,0,0.766634826704557
1997,156.41601806560124,13.323106707198558,Smooth,0,1.2299880014785747
1998,223.78021633705674,6.041973083816622,Tidal_Merger,1,0.12284003025303891
1999,193.07816769356148,17.159876348507783,Smooth,0,1.0399468092382693
2000,183.83317911472477,21.333654510458576,Tidal_Merger,1,0.38209448839646853
2001,134.41201105537309,27.28645419036415,Smooth,0,1.1930678291519978
2002,223.41152167218513,12.823995845000672,Smooth,0,0.8855111197076363
2003,175.14365096886277,26.498208042786715,Smooth,0,0.6817736669976495
2004,139.72234416829707,3.7939273621071345,Featured,0,1.0157102732554082
2005,150.9756492730033,6.739721929252998,Smooth,0,1.0732970868018128
2006,212.87160037848358,4.686045237917979,Smooth,0,1.0104735307146595
2007,142.6245759056139,22.699396480571966,Featured,0,0.5925759400917349
2008,191.56043644390397,24.978353199783932,Smooth,0,0.7289957190944788
2009,145.71635574733529,6.3035332782064355,Featured,0,0.8489817907196412
2010,187.3425652419553,12.96348710405788,Featured,0,0.8396850868374849
2011,234.80965187027567,1.6423494677878536,Featured,0,1.037436368859587
2012,193.48348446421528,28.23836786720394,Featured,0,0.3462746918733479
2013,140.32430133056917,12.328276570503297,Featured,0,0.9335817636383759
2014,209.50957335293322,5.597702906195026,Featured,0,0.77750466139084
2015,221.14111576966894,8.61773084631203,Featured,0,0.640374845904012
2016,237.63780152280546,10.023139562596898,Featured,0,0.6643783055576
2017,133.57787974403772,16.41136036846733,Smooth,0,0.796365583870509
2018,138.8661665132837,24.655179682587075,Featured,0,0.1
2019,143.97665639170734,21.944590791093475,Smooth,0,0.6746776073021125
2020,190.5249196371888,28.91055566061147,Featured,0,0.6310462938384267
2021,229.70811986788522,21.45966931587407,Featured,0,0.9831958023306561
2022,144.08504228535497,29.867067014720632,Smooth,0,0.6486183293723699
2023,210.69758186175423,13.186888253186961,Featured,0,0.7962215499573775
2024,207.27114675985143,17.89401226240631,Smooth,0,1.2355691569153255
2025,183.29917945880118,14.593271614256235,Tidal_Merger,1,0.7488703039630847
2026,144.46380318877797,3.8814185090010267,Featured,0,1.0755678499858632
2027,139.7460472647579,26.313826856955053,Featured,0,0.725031892397287
2028,211.64785059189958,18.460435218857228,Featured,0,0.9857580698224131
2029,174.89668599533678,1.8976022669603876,Featured,0,0.7915255498866015
2030,186.22420531609527,23.4823702275416,Featured,0,0.8009766973307655
2031,220.09698652478215,2.9283011432697483,Featured,0,0.9524213359366374
2032,235.9849164976347,16.879662687082273,Featured,0,0.7007516028947669
2033,143.43209054110295,26.08949054436514,Smooth,0,1.223250776110801
2034,190.4481770556109,20.914910764139414,Smooth,0,0.8099674651005156
2035,214.58861566985615,15.764109220676795,Smooth,0,1.004590141564916
2036,239.77275215866712,9.387586440864679,Smooth,0,1.2139001198143244
2037,196.93799999661132,27.333615041758726,Featured,0,1.1079134436437936
2038,208.3883466408364,25.635463077322484,Featured,0,0.4977702243273688
2039,183.14989496450352,13.747599442951438,Tidal_Merger,1,0.6389791790019769
2040,144.74167512957047,24.945549993366708,Smooth,0,1.0626798486151616
2041,180.53914452465852,29.323696895515276,Featured,0,1.0729657555401872
2042,143.18519040670512,7.831455787045442,Smooth,0,0.5716762914713422
2043,136.38919733850193,17.379433999858136,Smooth,0,0.685741190745669
2044,226.98596730278587,23.785201358205814,Featured,0,1.0986395589354054
2045,216.85799570740093,20.39091650500036,Smooth,0,0.6595599073293386
2046,149.2322489986454,9.981884295311373,Featured,0,0.7750759858339215
2047,179.9388902319669,22.4917724035063,Tidal_Merger,1,0.865175161900394
2048,172.40630952106144,2.97712994759043,Featured,0,0.8380501874038025
2049,198.30070695442248,2.0455985929638807,Smooth,0,0.6683064655415392
2050,136.35586170960033,26.799134813643683,Featured,0,0.6305956607842738
2051,213.80919938653568,3.0349685883930966,Featured,0,0.933179832396297
2052,136.3505375147629,14.466756910119797,Featured,0,0.5167129978806977
2053,212.93580939564623,29.32314552612037,Featured,0,0.7881660090258954
2054,186.94828077231824,5.900645919384692,Smooth,0,0.9333076337475055
2055,133.81372933991315,10.846205632888697,Featured,0,1.1747874551369168
2056,195.08668785369582,25.9136886889501,Featured,0,1.0168870200924989
2057,234.1102164465446,1.2324709486666585,Featured,0,0.6714837205044553
2058,239.09909464842997,9.881378079062271,Featured,0,1.14460482939093
2059,239.03815930724073,16.150893063030683,Featured,0,0.7751212406131306
2060,163.11506856177442,12.236827103405712,Featured,0,0.5410742444876477
2061,161.43619110784573,16.323258718184057,Featured,0,0.8069896601836318
2062,226.3471391868763,18.677261934983452,Featured,0,1.2095423002864254
2063,184.4661179715372,6.589047857837071,Smooth,0,0.8913100125162313
2064,130.84304359141478,10.76227531628666,Featured,0,0.8531304660824466
2065,195.4833592520238,21.078887293137473,Featured,0,1.2593029111757132
2066,203.3532130436224,22.460165257529724,Tidal_Merger,1,0.2637290305891146
2067,136.7484589821735,12.850554017065388,Featured,0,0.5286002214868069
2068,224.21909461227196,15.65492625915568,Featured,0,0.44603838225829195
2069,229.69898236042096,25.98304636133504,Smooth,0,0.9431620466200138
2070,175.03528174103644,17.97897861019166,Smooth,0,0.8916232817787811
2071,200.85641436235073,17.356917968380632,Featured,0,1.235684091819944
2072,144.30948641436953,26.27714774999684,Smooth,0,0.9108687692841926
2073,182.8557641983612,24.248046336488347,Smooth,0,0.7489607101301743
2074,140.74393254070222,7.490068582206905,Smooth,0,0.8504487182195267
2075,133.43014485674132,8.616636276154525,Smooth,0,0.8794268546152395
2076,138.26515599093898,15.001747775732602,Smooth,0,0.4320596816679582
2077,164.23392445697328,0.39843610375740246,Featured,0,1.5275829110837233
2078,179.7418931111779,2.644032929300745,Smooth,0,0.9799677545254779
2079,168.876351723299,26.977467548676074,Featured,0,0.9025020770056472
2080,178.41677431135614,0.019601722838986646,Smooth,0,1.003790996069645
2081,173.57899607701808,2.56209090488165,Smooth,0,1.0273527451466513
2082,183.41486696253375,4.481449086792963,Featured,0,0.814861628624392
2083,194.9982237507066,5.538973720421076,Smooth,0,0.6921897159398248
2084,226.07655618898266,25.454153232187938,Smooth,0,0.999862671580426
2085,142.59364018724955,28.975100064227508,Featured,0,0.9464277101328631
2086,139.19097712617588,9.494063521844957,Featured,0,0.647527475227648
2087,145.63508361728034,10.155206382764186,Featured,0,1.204758902841816
2088,201.75208134511337,11.061754664125377,Featured,0,0.9233380090807458
2089,189.39528433086156,26.530302839138624,Featured,0,1.0324548405669076
2090,173.66156038217557,20.882395847011175,Smooth,0,1.1979802219199798
2091,147.98762598435252,21.453750594506637,Smooth,0,0.8554722052912087
2092,196.38364332561002,25.029743872481955,Featured,0,0.9292380017460288
2093,158.40688271288542,7.208973703511003,Smooth,0,1.052506809626529
2094,151.7907396035714,7.295399407926778,Featured,0,0.6687847290499869
2095,221.32418510236909,17.26780285920246,Smooth,0,0.8635129157115002
2096,206.334328891381,13.255011144058638,Smooth,0,0.8813871466627871
2097,210.10379834730455,19.905707817403567,Smooth,0,0.6109853620791513
2098,210.51933359925457,5.892576476160522,Smooth,0,1.4294091971684697
2099,195.49235190520483,10.498135607121421,Smooth,0,0.49817663912689936
2100,168.27355527403833,4.908486124148288,Featured,0,0.5254740240782105
2101,160.15767332157864,28.06183469003396,Featured,0,1.1785566439258948
2102,205.69481766951964,20.849103993644274,Featured,0,1.0283165626991355
2103,170.51404835575332,15.562435413441284,Featured,0,0.5935087956298055
2104,198.848051408071,3.598588251929095,Smooth,0,1.001822253775423
2105,235.92195627613378,15.442265812703397,Featured,0,1.2169626112493275
2106,225.8324930489357,21.581644667244607,Featured,0,0.8424342356007536
2107,228.43100854704136,7.14439960997089,Smooth,0,1.4997057250186456
2108,233.58611853238335,11.844218486347682,Tidal_Merger,1,0.20518763782639293
2109,226.43158380110208,17.07914953236606,Featured,0,1.0234558634647755
2110,185.6000629701495,5.171590863154987,Featured,0,1.1416320840552507
2111,189.11351632317152,0.12562330883873596,Smooth,0,1.0728359754013117
2112,222.1699212336984,11.954362863276431,Featured,0,0.7989110683385879
2113,179.91684955220032,3.7034959743106532,Smooth,0,0.7773896294972127
2114,215.8694889168113,5.6072188935035445,Featured,0,0.9610362927718143
2115,221.45108658242808,23.891721678591267,Featured,0,1.0539386216630173
2116,218.03921586045976,6.1440722716862854,Featured,0,1.0006183590705908
2117,209.67726988416155,24.886974942851058,Featured,0,1.1100144726983472
2118,223.109752090797,17.148229484488315,Smooth,0,0.5952825107333162
2119,144.49016508000182,6.523587966517078,Featured,0,0.7930572552190913
2120,181.4141662374857,21.761148007045723,Smooth,0,0.6149960169690615
2121,223.93581636509646,16.912113043361984,Featured,0,0.7534718059784645
2122,167.05853709482176,16.03677657468926,Smooth,0,1.1038052229535764
2123,202.36298350633396,5.926677170354347,Smooth,0,0.8769959801813072
2124,232.78037162459162,1.367554738460064,Smooth,0,1.5017147907874424
2125,163.857541484882,13.602486918728042,Featured,0,0.8983515917974292
2126,195.81932327275348,2.1020608716356834,Featured,0,0.864922970144934
2127,160.45949361155897,9.283877293385471,Featured,0,0.8765457298600541
2128,235.06267280208715,3.252011181498682,Featured,0,0.690547826785016
2129,141.1075917499537,21.61000107497979,Tidal_Merger,1,0.5384326775244813
2130,172.82251754461743,27.982588171809397,Smooth,0,1.1319470067779114
2131,212.5958174570647,27.911952605079765,Smooth,0,0.8784926670319431
2132,202.54618455048472,4.095090362507465,Featured,0,0.6516350675291321
2133,136.97124675200445,2.3784085389357523,Smooth,0,0.6187288448803412
2134,213.76616948892195,8.918616128439794,Smooth,0,0.7374495270835392
2135,220.4860616725624,6.941419091305441,Smooth,0,0.8684658586027201
2136,198.63983340818805,23.24018811545395,Tidal_Merger,1,0.7887173070952525
2137,134.0575642089986,13.40143581775561,Smooth,0,0.5148778396583908
2138,236.92058625946908,3.056362924186696,Featured,0,0.7700434305278109
2139,160.66358596560082,27.698580630418068,Featured,0,0.8860775048587697
2140,219.97637265309686,20.267603207023164,Smooth,0,0.3915735580926413
2141,180.4130705681522,25.210445327655243,Featured,0,0.6416004292583983
2142,223.28462985616324,25.697159660500073,Featured,0,0.6800278650659534
2143,140.76175767161016,18.10586419503363,Smooth,0,0.6510074065373754
2144,205.49599163547072,12.90428196290479,Featured,0,0.8979723862554119
2145,211.4845479529625,18.383875066095314,Smooth,0,0.8098600976245506
2146,158.54959614936993,18.016043046192443,Featured,0,0.7111784743497409
2147,216.35181982207627,25.59951559999758,Featured,0,0.9569906566381587
2148,219.11247341470988,12.096232683997567,Smooth,0,1.2807686794115625
2149,161.74936085642813,1.7569591585360156,Smooth,0,1.259814129185438
2150,193.87689930097133,3.7885041775370687,Tidal_Merger,1,0.16544564558753277
2151,131.70022781817542,24.252172166810727,Smooth,0,0.9942680459587849
2152,233.29753273953207,14.213198775432687,Featured,0,0.8054941774840404
2153,138.11762212089388,7.590790227607597,Smooth,0,0.888788835716339
2154,181.03257353571698,5.774794519074812,Featured,0,0.7504292416143629
2155,211.1673483318067,4.151927579043737,Featured,0,0.8793971574718006
2156,226.6876790310494,4.329361310624446,Featured,0,0.8878518490180046
2157,231.29260708791094,3.6985133789684053,Smooth,0,0.7052620606627692
2158,179.34716940499968,1.5349651933642772,Featured,0,0.6259081130437048
2159,136.22442217613872,22.92286759736638,Featured,0,0.7378260793451289
2160,178.37145351586994,24.131232424131017,Tidal_Merger,1,0.5968518528913531
2161,168.46735527204345,17.07619389388283,Featured,0,0.999749085421066
2162,159.85503184913858,29.103506592552964,Featured,0,1.0633372443350366
2163,162.38937812765442,3.559312972247409,Smooth,0,0.7264524942332717
2164,169.39789898361246,19.855037553419944,Smooth,0,0.9209611418256842
2165,178.30483994272402,28.515984628632268,Smooth,0,1.0906256479883245
2166,178.28685627761996,24.98789146722684,Smooth,0,1.1413987237860321
2167,184.5463308586648,13.057868389696615,Smooth,0,0.8352917864671194
2168,205.15728311186103,18.515826813509,Smooth,0,0.7947670687650968
2169,222.19704724875066,15.6069146730927,Tidal_Merger,1,0.5882248467672785
2170,150.17449608387773,5.558110661499711,Smooth,0,0.5625731317756486
2171,189.21651375812849,13.788982630693807,Featured,0,0.801597622241123
2172,181.2940731754187,2.4874374418344347,Featured,0,1.0361465996182824
2173,233.48629725534187,19.425593867104894,Featured,0,1.0104867823609252
2174,190.01784682475284,0.7112326093355514,Smooth,0,0.7824330989090277
2175,231.7162980106419,3.497492236670902,Smooth,0,0.9044295502717916
2176,135.03162371937643,5.6137281123150515,Smooth,0,0.643837414927328
2177,140.6187917214985,12.484828392184733,Featured,0,1.025873037056256
2178,235.12166480527287,24.607599568346693,Smooth,0,0.8305446409658817
2179,199.5884082447343,10.367387576124392,Smooth,0,0.7810121370759654
2180,130.479959661534,4.5423133180825515,Featured,0,0.7595690409766533
2181,226.0936486517455,5.887371501184969,Smooth,0,0.8342765332750355
2182,237.4891602643449,2.5489886966839927,Smooth,0,0.7380305887670104
2183,229.28081973475233,10.12362836892687,Smooth,0,1.0145357590006407
2184,148.8847214433134,17.313512471637196,Smooth,0,0.7511791129959549
2185,206.1742109336148,24.328055780178317,Featured,0,1.2482410240068453
2186,204.45034287431352,29.673759573262,Featured,0,1.216302625870345
2187,145.37496142889185,26.254008558634563,Smooth,0,0.6271141275363739
2188,168.09805938025573,19.25458550404306,Smooth,0,0.8674260673573201
2189,232.78796294860658,22.99787834136155,Featured,0,0.6873358446659512
2190,187.06696839177027,5.571992160155569,Smooth,0,0.7683381092028471
2191,134.03515231796578,24.60202506166948,Smooth,0,1.3506068669111992
2192,135.0602906223928,12.00636827549016,Smooth,0,0.7731071457210502
2193,238.95556562007408,16.49605688328616,Smooth,0,0.9400565092693571
2194,230.92344274451892,19.35712933659995,Featured,0,0.9853303235020696
2195,214.6145462621947,10.441558664319615,Featured,0,0.5998426568791898
2196,147.7499081160922,10.011126227268898,Featured,0,0.6362261313976988
2197,213.62506458786552,4.543365658060719,Smooth,0,0.5484944071479703
2198,164.68193716136713,9.948505473235018,Smooth,0,0.6285073165255557
2199,199.97056510504964,6.362437124321332,Featured,0,0.1374924726707044
2200,203.97065478275317,25.93208961583193,Featured,0,0.986145600198407
2201,156.05576148719302,18.705159337420117,Featured,0,1.3635484603140173
2202,189.59370606943196,23.01700182477669,Featured,0,0.8869551847591317
2203,233.17617545772836,28.77072527918898,Tidal_Merger,1,0.26674622813187854
2204,154.61993763048855,29.48218622731158,Smooth,0,0.6893059042750129
2205,233.79775121843588,5.0643001735369255,Smooth,0,0.7352807887437507
2206,196.63571743979594,13.786889325165657,Featured,0,0.595603805696656
2207,196.8695602072789,13.13699661428737,Featured,0,1.0650456595987892
2208,188.88411445978508,17.12561808836285,Featured,0,1.0525650110938334
2209,212.31914390323138,14.021620063437762,Featured,0,0.5611370515455851
2210,182.15912119960578,0.7730879629305343,Smooth,0,1.031270261111877
2211,156.097399624648,24.562206884521522,Smooth,0,1.2317031658943163
2212,180.8885252413248,22.317155619064557,Smooth,0,1.32563955130739
2213,164.0766645130009,20.074624666045523,Featured,0,1.5663030057714906
2214,185.776561141259,24.35903227172405,Featured,0,0.6245018376392006
2215,196.86957354997742,4.9369817528800475,Featured,0,1.5560551065988006
2216,237.1613888197993,11.470899931848837,Featured,0,0.7614484028728029
2217,142.77528562205782,15.056085930735112,Featured,0,0.7018836361548714
2218,200.00514523901586,1.9849556650332134,Smooth,0,0.9317680937194613
2219,182.40806849781708,4.6435810453833595,Featured,0,0.7044846664767469
2220,131.82466118206418,12.898728593394651,Smooth,0,0.9497610351616315
2221,213.11062523973536,10.352512365397011,Smooth,0,0.5199807030656746
2222,234.6639781194466,12.453215305647978,Featured,0,0.7903118494841413
2223,224.84232710240076,15.549717691194703,Tidal_Merger,1,0.807116446872336
2224,208.43506556977508,21.216849850062697,Featured,0,0.835734677142211
2225,144.72111992996625,23.641054487250663,Featured,0,0.8853989466849707
2226,167.1080101446002,27.851176559423756,Featured,0,0.9688146511793279
2227,183.17481795704612,13.820183749649797,Featured,0,1.1426654073294151
2228,204.48327037085102,16.260458954391783,Featured,0,0.4361938219526417
2229,131.09162032406192,5.848283069104795,Featured,0,0.9961310129593587
2230,234.65727913980155,1.1825275536108892,Featured,0,0.7829652151895592
2231,207.72928568665805,9.617027580494971,Featured,0,0.8916594738279596
2232,189.3440421612871,15.017379522924939,Smooth,0,1.114987542440594
2233,218.3963888985689,3.1042519093975396,Featured,0,0.5514533371470389
2234,183.4458935104958,25.952132981261816,Featured,0,0.5968388896392276
2235,161.6207831386975,22.69068164230903,Featured,0,0.3661425100715484
2236,206.53235578830788,20.21516694810014,Smooth,0,0.7127102645590558
2237,218.90587310101444,24.054776996265453,Featured,0,1.1826080860947041
2238,170.55778879512746,26.004644570654676,Featured,0,0.8198532028816325
2239,140.7890838862669,20.78726733074303,Featured,0,0.5149687760863035
2240,165.78246474253342,27.45416461214688,Featured,0,0.7285803138562382
2241,151.88913528553803,11.138127615161814,Featured,0,0.47803457412734424
2242,226.47996391200078,3.2046297889197186,Featured,0,0.5687034745672095
2243,236.3059124453048,3.804053973802801,Featured,0,0.9472047275659283
2244,228.50755513458205,22.57405012759483,Smooth,0,0.5565316684234928
2245,188.68072011739537,17.640013902888853,Smooth,0,1.1281585763008255
2246,203.54299113952055,7.448624388925379,Featured,0,0.832219927292416
2247,177.02951201944046,20.321793896666183,Smooth,0,0.8713986759861313
2248,239.5967307662416,28.561873399170082,Smooth,0,0.7804067580980265
2249,187.11470278582257,27.975118592921476,Featured,0,1.0432119596359308
2250,181.06623717131475,24.201234232351844,Featured,0,1.0457899719442527
2251,188.73642198025402,10.247111610947039,Featured,0,0.9337635879780428
2252,201.60708138660496,8.22638667372441,Featured,0,0.991197276476912
2253,162.93351472088494,28.31299146636043,Featured,0,0.7969775825198936
2254,135.66266263749884,14.128807573042005,Smooth,0,0.9855507517272621
2255,195.16560257482467,2.6105165490836626,Smooth,0,0.7655305561315483
2256,168.20047429335582,17.80725763242894,Featured,0,0.8505579055406005
2257,211.2595465799223,9.083028228522751,Featured,0,0.7813390626584256
2258,185.83714165529005,11.752273516868346,Smooth,0,0.735695365170201
2259,215.08204382552606,21.218367357170013,Smooth,0,0.6777220505695525
2260,156.47619830157555,20.306168274827293,Featured,0,0.9669225259647214
2261,178.84481241224233,4.825808804552937,Featured,0,1.1776514782033658
2262,228.360996213053,20.298517006575196,Featured,0,1.14277549291739
2263,135.70058905046696,10.364425611703371,Smooth,0,0.5358586660136411
2264,198.15467503876124,4.0330028210865,Featured,0,1.1723007628517184
2265,142.23172305367666,8.683185648584638,Smooth,0,0.7704603745955177
2266,223.56776636252516,10.27185369887579,Featured,0,1.000183253786398
2267,228.23992257149564,1.5683730980627886,Featured,0,0.6234461669881972
2268,205.94343114923018,0.770689346082245,Smooth,0,0.8854949784685013
2269,150.51703614398397,8.14899543823109,Smooth,0,0.9284307957242267
2270,148.06923777240922,1.208565563339954,Smooth,0,0.4788488020200868
2271,179.4284716243606,1.5847768172580745,Featured,0,1.0020667915860473
2272,224.46407072844192,9.50739041455633,Featured,0,1.1864837519595788
2273,217.82183745701877,27.23283730950536,Featured,0,0.806338013579593
2274,191.85264974657008,5.419726239339095,Featured,0,1.1900420327070032
2275,144.1767694101714,26.208555862116462,Smooth,0,0.8025766266368981
2276,148.43811379171495,21.93751768042125,Smooth,0,1.0623961327616542
2277,236.2404377268542,1.50526050959922,Featured,0,0.2953575085122251
2278,138.63013979488363,4.6707779326779875,Featured,0,1.4546944448283659
2279,155.15444575639697,15.362657300959917,Featured,0,1.2238645613107393
2280,195.22459365784204,29.01813571110893,Smooth,0,0.7788436239365802
2281,171.84620082583186,17.39378531498865,Featured,0,0.3569777433390455
2282,222.07452377672342,28.222525777033834,Featured,0,0.9220070920763723
2283,137.89533868491642,25.0931921212837,Featured,0,0.48901861323156076
2284,210.59689556493083,24.21321060958538,Featured,0,0.961213384389372
2285,237.0385979269566,6.5309939657169735,Featured,0,0.9528914297910704
2286,238.5303536351293,22.138528421927763,Smooth,0,0.6146492077494938
2287,183.31659158430517,0.524946419621658,Featured,0,1.1302417559035944
2288,232.98334708680588,0.7604581279181544,Smooth,0,1.0513936757015434
2289,203.86270635339275,21.854818015423206,Featured,0,1.093955834322141
2290,207.9966571396008,1.6722256076232522,Smooth,0,0.8522144259172239
2291,160.88495986849415,9.84538448392836,Smooth,0,0.49611898327157333
2292,195.35437868873487,1.512503208066276,Smooth,0,1.0944680680527843
2293,226.4920594894419,20.16752061882584,Smooth,0,0.7824071502160522
2294,214.08848008830546,13.487500587607869,Featured,0,0.5025549642018328
2295,224.28971826986282,17.810538597261996,Featured,0,1.1880098414935816
2296,150.00680928390594,9.172318723418734,Smooth,0,1.3748518801256273
2297,189.54259688311777,9.483039346409116,Smooth,0,0.8396879677551993
2298,144.39610267901847,7.565186324865899,Smooth,0,1.3897802886508228
2299,158.3367942367094,19.992219140847567,Featured,0,0.8728286821528374
2300,153.73147470940995,2.5840731464710887,Featured,0,0.7548860239584122
2301,151.4472719890318,28.032323837136445,Featured,0,0.6923853864536306
2302,176.35670056517478,20.848593580291432,Smooth,0,1.2592706019981856
2303,141.1510187308475,3.3969366977737616,Featured,0,0.654964029653057
2304,184.87769687964916,10.678733204119215,Smooth,0,1.0338173274937468
2305,185.8585570354657,17.970331326407027,Featured,0,0.7102090412351979
2306,232.2053472017009,1.202072590448,Tidal_Merger,1,0.4579386474851274
2307,216.63039944446572,15.45576678414641,Featured,0,1.1075624234923918
2308,148.40534344011664,23.7761930286401,Featured,0,0.7549907884276615
2309,216.21358267325178,3.871953744871889,Featured,0,0.7488011551449267
2310,165.45892294721952,27.240556362649873,Smooth,0,1.1332011742937018
2311,177.0361467073671,5.132579005714861,Featured,0,1.2493493233054058
2312,228.95320306020253,13.195669191415046,Smooth,0,1.0111724508210582
2313,138.47641070477644,19.16889065919854,Featured,0,0.6863075560940126
2314,226.10684528129795,12.333818347781376,Featured,0,0.7223478751756052
2315,225.26702784504494,18.941259781447528,Smooth,0,0.8699788159350094
2316,198.56279395103138,0.7491498635114879,Smooth,0,0.9302325154814144
2317,167.33952117970867,2.417424368595408,Smooth,0,0.603033522465057
2318,171.8569480856884,1.5880780670645478,Featured,0,1.030759484894966
2319,190.7251898937178,15.411235656459144,Smooth,0,0.8713783324098997
2320,171.30158213131506,27.95194274261474,Featured,0,0.4210729203404676
2321,224.04714215176216,28.739380597466717,Featured,0,0.6177683793848174
2322,217.7024902357509,18.130779591443133,Smooth,0,0.7239678315870841
2323,157.2504088451273,21.85112563018938,Smooth,0,0.8317855777897362
2324,223.49729086287283,24.58487056158157,Featured,0,1.322319698875999
2325,157.16766789791998,27.85666598682408,Featured,0,0.909542826534907
2326,221.27159840779217,8.063928450905944,Smooth,0,0.6398070275253437
2327,166.68490888602585,16.641954098470627,Smooth,0,0.9051577010767908
2328,171.76616489839935,14.645330259324421,Smooth,0,0.7619780631365297
2329,142.4820873364648,4.932165872366362,Smooth,0,0.9311895598833855
2330,139.9318747059849,27.275257921607572,Smooth,0,0.9951419217589037
2331,141.15629112941383,29.102233700001207,Featured,0,1.1523076618059844
2332,191.42446747093857,19.782688862459928,Smooth,0,0.8439283760824935
2333,228.42983216665806,2.692785016804714,Smooth,0,1.2597401318999584
2334,154.68846290203268,4.151147841616698,Smooth,0,1.0770056656340479
2335,172.27905423765483,9.705738412111137,Featured,0,0.673140113796953
2336,168.5689624330099,8.996927789836086,Smooth,0,1.402463916437116
2337,197.28928208577875,28.972416294592424,Smooth,0,0.9317486283175244
2338,146.51859008987458,10.26208303972666,Featured,0,0.6412188740069412
2339,219.5538254150278,27.172703719093438,Featured,0,1.2632282628076055
2340,215.43816126506994,10.80179705792178,Featured,0,1.369444396299611
2341,222.61984081790678,5.97280259807777,Featured,0,0.8417436840701098
2342,132.78858177570032,25.33997727270673,Smooth,0,0.7240874349061008
2343,145.494272241778,5.312467661918695,Smooth,0,0.8069062606365844
2344,132.70456081046817,14.788709149675801,Smooth,0,1.0286829318794248
2345,136.8423548781173,8.20999154764373,Featured,0,1.1694641637576284
2346,151.9197370113481,22.361932174246185,Featured,0,0.9926218327158933
2347,209.12889846060745,12.688306312246732,Featured,0,0.8754308021179424
2348,230.18471778083068,4.072375592997032,Featured,0,1.224502942576107
2349,185.06639282701784,29.052573915012236,Featured,0,0.7717908817371194
2350,143.22299609076694,27.616076553076642,Smooth,0,1.1077298345917268
2351,209.4477825232373,6.803178759589371,Smooth,0,0.7779843004121804
2352,231.47493192950253,28.793730612145506,Smooth,0,0.9577557395027233
2353,195.76899766921935,27.253036556381257,Smooth,0,0.8216093588023871
2354,206.51799611464875,9.68429380343551,Featured,0,0.8360369543367973
2355,152.28958975488774,3.9095396427387277,Featured,0,0.7556533706344475
2356,169.35954925249038,14.668527793153562,Featured,0,1.1862135077951736
2357,177.57476661631452,2.900836793627014,Featured,0,0.6667684904728662
2358,198.3021424226274,29.56802201858401,Featured,0,0.6649419368628229
2359,138.46688363189614,20.19024498866031,Featured,0,1.3802483914612773
2360,177.83100724641207,22.800166348862955,Smooth,0,1.0944618911635828
2361,237.68792266922898,11.169212957191434,Featured,0,0.2537215753267409
2362,167.07034940744148,7.270610854102869,Smooth,0,0.7086853151973991
2363,167.62899235874983,18.152685556216152,Smooth,0,0.39700266560948644
2364,141.59325399185857,0.04285029237530158,Featured,0,0.6123273266461862
2365,133.95365011764164,4.7043811595041705,Smooth,0,0.1
2366,179.97799653744207,28.313223610344483,Featured,0,0.8157526055765144
2367,168.60065138072866,7.794844138208984,Smooth,0,0.564514545209672
2368,196.41749982443264,17.57425182645733,Featured,0,0.8649763141991096
2369,214.92137239409894,21.09831683197355,Featured,0,0.4437196852793688
2370,137.31458941034552,23.50408680147803,Smooth,0,0.8707279632930099
2371,203.15403420008812,2.4472477683409775,Smooth,0,0.7462709304699182
2372,228.17756189503308,15.181340772355098,Featured,0,1.2254882412971488
2373,220.10125494416195,12.320478990308485,Smooth,0,1.2028392154364063
2374,195.6870836589332,1.1867251968783943,Featured,0,1.0463364007525708
2375,204.14219109646717,8.169461915432484,Featured,0,0.7683465548346968
2376,190.97894577625408,29.3506436117057,Smooth,0,1.3463450988150734
2377,158.39467759712403,14.253010220751614,Smooth,0,0.4617411805400448
2378,206.13774758635452,18.45209262044094,Featured,0,0.4991103426090843
2379,197.47525281317786,3.377713995875834,Smooth,0,0.8290542250277338
2380,182.08189478586223,20.641366712223864,Smooth,0,1.4135095272302798
2381,185.29469255517478,7.399758474162194,Smooth,0,0.7994152732824781
2382,151.6618274898771,6.280451981522964,Featured,0,0.8041886891976795
2383,213.40623232745003,13.219946502728806,Smooth,0,0.4895224109720477
2384,185.2414511364367,8.41802439713748,Smooth,0,1.0864823963175945
2385,209.095049570267,26.58513882167979,Smooth,0,1.0882940635823384
2386,208.02529113198705,6.353944496445081,Featured,0,1.0472688003499775
2387,134.6227142688546,7.955122235500668,Featured,0,0.6926948317881594
2388,238.51667736722777,17.536293397783744,Smooth,0,0.6733233079067485
2389,226.0240419464049,21.879294014316184,Smooth,0,0.5267194373987574
2390,239.4301223362546,22.239261250522866,Featured,0,0.8709681254402334
2391,152.24795985769885,28.428709755620012,Featured,0,0.5798981676803745
2392,192.6493757523814,26.69509182264932,Featured,0,0.5556458736876778
2393,175.0638158713592,25.105902666797768,Featured,0,0.744077320772331
2394,192.15241921449177,23.331837302033794,Featured,0,0.7277109562039459
2395,151.0019243578808,10.794747019096993,Featured,0,0.7155053677945112
2396,165.59712410644954,3.204021120070909,Smooth,0,0.9666111492100653
2397,214.20641888902207,29.474477418037434,Featured,0,0.8697619505375698
2398,180.16769826387394,4.290033679971792,Smooth,0,0.7779609923722206
2399,217.58655955955055,6.8601225415381,Featured,0,0.8957532320778705
2400,161.816924916992,24.53466220698572,Featured,0,0.6021182397238419
2401,178.3131661374689,8.567388487159091,Featured,0,0.8763196559774195
2402,197.4620853376117,19.855809366450167,Featured,0,0.8876506232111584
2403,147.17678571028094,29.895789263958573,Smooth,0,0.4742382851606298
2404,148.18129391572532,13.930507496464251,Featured,0,1.0989234385925906
2405,142.95261911791553,12.890200900654438,Smooth,0,0.6296415736932511
2406,227.91067387021891,0.5090738794639937,Featured,0,0.8725774498016087
2407,135.68355938237573,26.43774203289035,Featured,0,1.1411029351338176
2408,218.41853795318227,18.7877782398728,Tidal_Merger,1,0.7351353515427739
2409,218.38290234233335,8.257175431110248,Smooth,0,0.8585833471422089
2410,153.15576336318773,8.344309213467325,Tidal_Merger,1,0.47750019942358635
2411,185.5275158134981,2.336369672738723,Featured,0,1.086877977143892
2412,184.31954445026216,24.095115348981935,Featured,0,1.018673744452155
2413,160.87515370675717,13.442564618492295,Featured,0,0.6954087449889674
2414,237.88132779417725,13.732938381124026,Featured,0,0.6512765882495773
2415,132.02297442022135,17.908356702395178,Smooth,0,0.33191120457600043
2416,234.14071018157352,22.393563865713418,Featured,0,0.8885079604208969
2417,131.28772718039946,0.2127543832311296,Featured,0,0.8293255637454003
2418,227.12062981705944,10.06827732722704,Tidal_Merger,1,0.7772382749285085
2419,155.13002154644286,10.164704472684221,Smooth,0,0.9397637733700916
2420,204.41147309489986,17.32060203659003,Featured,0,1.1835572985431726
2421,159.95380591713058,26.719753663855272,Smooth,0,0.6756589430209573
2422,133.4051370011278,28.870141724436206,Featured,0,1.1345375827419046
2423,173.14684496097055,10.697885279586169,Smooth,0,0.7177709052238361
2424,231.081918700351,6.527638197949335,Featured,0,1.044399015448068
2425,166.5410136427165,3.51193238945588,Featured,0,0.4853104018673266
2426,213.07974625464885,21.0329276209281,Featured,0,0.9087838248415471
2427,178.68000662962203,3.3973035491945955,Featured,0,0.3538280146385225
2428,186.3444112893942,7.148690116592747,Featured,0,0.7832156285145613
2429,180.0213841197245,9.662026055871891,Smooth,0,0.9600884984694784
2430,188.26256963401818,17.07690636274344,Featured,0,0.719757862192226
2431,134.33694925053564,5.9589484158560735,Smooth,0,0.5873905928110081
2432,200.655807849575,23.27631763409079,Featured,0,1.0615296173239834
2433,184.21510428921914,19.581843713316722,Featured,0,0.8241343025382691
2434,219.98162425147424,18.680686228493922,Smooth,0,0.727607338242332
2435,204.75823660086186,16.216580261667726,Featured,0,0.8604739802885691
2436,170.8142639283063,14.671452013478497,Smooth,0,1.5091672854863971
2437,200.66612060269472,2.523829867781485,Smooth,0,1.138375712445386
2438,168.16485220858505,12.323664299988353,Smooth,0,1.14064341704696
2439,231.97010647167247,17.499217445526135,Featured,0,0.958886579748091
2440,210.10076318239635,20.246796091624645,Smooth,0,0.8916213181442867
2441,216.72920775786287,11.259640373190415,Featured,0,0.2509794279173959
2442,209.5792599635001,24.096363697322797,Featured,0,0.680254913384217
2443,180.40781795406684,7.014384992791923,Smooth,0,0.7298563966993814
2444,131.11443024305177,20.541754916430136,Featured,0,0.3812769839881167
2445,197.7435107857438,18.682602097195232,Smooth,0,0.5606460524461416
2446,192.6315097300511,15.4055360022531,Featured,0,0.35479088226934147
2447,176.01672505125083,15.050974980192745,Featured,0,0.8404190410756569
2448,195.52026146686288,12.983144530254567,Smooth,0,1.054691492712204
2449,173.46515175907504,11.82571483799724,Featured,0,1.126693629656082
2450,132.26429437253827,16.579868033302446,Smooth,0,0.9536961155198103
2451,158.21093671184425,26.38388080535677,Tidal_Merger,1,0.3573207317602862
2452,178.4355760205184,7.569682327912357,Featured,0,0.3669837103700101
2453,219.29467668991515,9.284086472658027,Featured,0,0.4107828251496245
2454,197.25996589781124,1.8612425086966289,Smooth,0,0.5327543556863754
2455,165.3278367899549,13.817476520839998,Featured,0,0.6277850754910813
2456,214.8063897950017,3.764588903974521,Smooth,0,0.8100628755021033
2457,186.18220328353223,10.199155913797446,Smooth,0,0.5964589454682578
2458,223.01647992888974,23.091942548906406,Featured,0,0.9347439734170654
2459,159.1098529617893,28.67940176478217,Featured,0,0.7919316243001318
2460,215.70128450353656,26.988374681169454,Tidal_Merger,1,0.5521091423482052
2461,178.77180158171063,4.875331958923689,Featured,0,1.1350626381678013
2462,190.96491655452184,19.869537406187472,Featured,0,0.5549420664499074
2463,164.46827093436576,7.756717909207377,Featured,0,0.954676144573092
2464,185.65536985084248,21.685176117006367,Featured,0,0.8465066928809817
2465,191.6726103857788,19.317238712032943,Featured,0,0.7666284297575762
2466,148.67012714346154,24.079687324566596,Tidal_Merger,1,0.7270512641731921
2467,233.1126873146831,6.406285634710241,Featured,0,1.0697535386392518
2468,173.66796687817117,17.462103933726706,Featured,0,0.6133773010028929
2469,171.41097035658547,5.239415576889886,Smooth,0,0.804459854035519
2470,180.6593447001554,2.179967627434701,Featured,0,0.9203029206460163
2471,239.4981267810441,29.88673479133916,Featured,0,0.7817483129943539
2472,238.5328852593861,9.411093742714687,Smooth,0,0.9962553330719496
2473,185.03953908371167,4.518328592055574,Tidal_Merger,1,0.6062384035820552
2474,196.05685464770187,18.462623394625062,Smooth,0,1.3081403100890032
2475,227.7622887855875,5.871379202989472,Smooth,0,0.4674302160175531
2476,211.38945328436233,19.88579362903997,Featured,0,0.8193910025631506
2477,212.7611982381448,10.832241790231116,Smooth,0,0.6228743721219522
2478,228.40074495835006,28.24422712518196,Smooth,0,1.001026863859761
2479,207.42428007977645,11.200594830954952,Featured,0,0.44570702748861385
2480,190.9239712841453,25.966871495166103,Smooth,0,0.9365781775562216
2481,168.44570092955007,24.615225126963274,Featured,0,0.6924878921629147
2482,135.15370993803634,28.12443517197314,Featured,0,0.6664595334697465
2483,173.85293305495443,10.290801377700731,Featured,0,0.48837544911482816
2484,169.60555124910763,16.622978411874783,Featured,0,0.7337310134497484
2485,211.22941301764592,16.745135516713223,Smooth,0,1.1211251325727314
2486,132.4335906681897,9.904678509468132,Smooth,0,0.8437028291176301
2487,189.55483680823437,7.880864310058059,Featured,0,1.0069201044686187
2488,219.91946793403108,2.062617192674624,Featured,0,1.2661604554915686
2489,130.58448232351805,7.875308714494969,Featured,0,0.915938896205644
2490,132.66109402804906,22.077612191218464,Featured,0,0.7103001069844148
2491,149.11377524493182,1.1701926228845438,Featured,0,0.9668130537956974
2492,218.31387934578126,4.276696650993468,Smooth,0,0.713925963421427
2493,137.58538179920632,13.780309667818692,Featured,0,0.7238943291757076
2494,198.70754529259847,15.127903823790946,Tidal_Merger,1,0.24602144007620308
2495,231.29326325972556,2.623395053996563,Smooth,0,1.081564372771098
2496,205.5721193153567,23.1852025027951,Featured,0,0.7534993560876402
2497,203.06413234878653,8.555597880301434,Featured,0,0.8955245614539655
2498,158.63155433226032,4.382896966239606,Featured,0,0.5910095178483401
2499,239.51942204487716,20.0012656618937,Tidal_Merger,1,0.6371895259430945
2500,155.62554222289972,25.842541382865523,Smooth,0,0.659514690466229
2501,209.91078866243055,12.275477623754657,Featured,0,0.8145728195745439
2502,189.73270423534296,14.15707531693569,Featured,0,1.0694565078097815
2503,231.29596405849946,3.7664936969543126,Smooth,0,1.0476898280581324
2504,138.97929802336486,4.8508365982196056,Smooth,0,0.8444924818707649
2505,208.661017741207,13.371894627086075,Tidal_Merger,1,0.19637379345865635
2506,194.15098847048074,12.97311500149509,Tidal_Merger,1,1.1485621140121283
2507,227.4702778844529,19.443063817832144,Tidal_Merger,1,0.8991717940546273
2508,138.73472431073324,4.241506626490206,Featured,0,1.0306687062220745
2509,173.25147211307146,25.3598992706618,Featured,0,0.6616990546022573
2510,228.1293157834258,14.949990848827117,Featured,0,0.8216019595745088
2511,213.5221757610321,15.513537925707585,Tidal_Merger,1,0.44131591404469667
2512,154.43185915178032,13.283944096312123,Smooth,0,1.165963984774097
2513,138.14491169074995,16.53479885749116,Smooth,0,0.9156257227129584
2514,148.23519941796033,1.4701393491382064,Featured,0,0.6539590354100417
2515,193.1920424497903,28.22640508677613,Smooth,0,0.7323112252188044
2516,179.75501129701303,14.515806565929342,Smooth,0,1.1302970356424762
2517,219.7541632865479,0.9106141659901279,Featured,0,1.2500244617051195
2518,139.30219159069617,19.122138367835504,Tidal_Merger,1,0.8556663126972492
2519,170.22488230875084,12.260986868128018,Featured,0,1.0392580162634943
2520,236.77441999507187,16.67612442596878,Featured,0,0.7868437827993408
2521,223.98236027065371,22.48108309934871,Smooth,0,0.1
2522,157.74651221906979,4.01334434981904,Featured,0,0.9242900059520553
2523,136.63872923896201,28.97496959154998,Smooth,0,0.8495428102889748
2524,207.81367000362206,24.503801087230425,Tidal_Merger,1,0.5779964192642708
2525,184.6364965099741,0.6594544442886874,Featured,0,0.8634743367583015
2526,165.08731933231374,0.8595728273296355,Smooth,0,0.5184344595127107
2527,165.9624777971887,10.013297912093934,Featured,0,0.9893521392127964
2528,142.76799045576078,28.402687340767223,Smooth,0,1.0080540785079626
2529,165.53300803295033,24.837748636359372,Tidal_Merger,1,0.6864677564119319
2530,193.61282393623966,15.261179526488,Featured,0,1.0866442508933467
2531,134.81129795398422,23.70249749914313,Featured,0,1.0010129112304058
2532,137.63662270207027,21.02425254005221,Featured,0,0.7474926471152723
2533,159.21600468475768,12.665767016420341,Smooth,0,0.8322907880209774
2534,177.5580849043682,19.814091640932936,Tidal_Merger,1,0.5682249734506755
2535,207.84490282150074,16.36283850635139,Featured,0,0.8769248622766546
2536,173.1704004852428,23.005466934533192,Featured,0,1.0995544139929323
2537,163.69448486560339,23.1550810569033,Featured,0,1.0109171882556227
2538,192.89205814581237,9.049867248934465,Featured,0,1.3693358598924883
2539,225.50997559492185,27.576240931611757,Smooth,0,1.4016172449711681
2540,190.41493311767326,9.254048444684521,Smooth,0,0.8699123956534812
2541,210.37155612631707,24.055205053584178,Featured,0,0.1
2542,236.3530049779214,6.035256968666384,Featured,0,1.1592081165318167
2543,136.85004164700743,22.05685554304788,Featured,0,0.7149059152532364
2544,142.38384294531306,10.266765743367136,Featured,0,0.6496290195422483
2545,218.65179401293832,6.119838108281622,Featured,0,0.7503886812526582
2546,216.33866748226143,8.779652930022234,Featured,0,0.7383392382963484
2547,197.65079493690865,16.865664331935754,Smooth,0,1.003067452526348
2548,233.80717521022427,16.948578229574196,Featured,0,0.4601410552184436
2549,157.6063327474328,13.141322277161512,Featured,0,0.5805698135520996
2550,150.57481234132757,12.043853372671297,Smooth,0,0.9357896385493542
2551,132.91854242612015,23.406379456069008,Smooth,0,1.005736007603327
2552,139.58020434753487,5.769473183530516,Featured,0,1.010385411234003
2553,210.39030614788027,7.339651638141391,Featured,0,0.6532409302666753
2554,169.99925626172234,27.858916863461822,Smooth,0,0.60543358768344
2555,195.23487676054626,9.307058512341143,Featured,0,0.7233412915530202
2556,217.8585610820032,11.588631154366357,Featured,0,0.9099681880711813
2557,224.90767852975515,18.498659344958252,Featured,0,1.2213693423181373
2558,157.5267187981055,15.422863276537791,Smooth,0,0.3381407035573124
2559,211.9983421602763,20.269887066212192,Smooth,0,0.7948178107604084
2560,210.46461393743988,3.909612995170076,Featured,0,0.516830389743699
2561,231.34382634342728,10.951427000778045,Tidal_Merger,1,0.21955146452930208
2562,213.06509812409809,19.493641402928986,Smooth,0,1.0917391613362042
2563,214.26712541888327,0.8436451883377127,Featured,0,0.9861561436248346
2564,232.26674175768304,7.9648922228721695,Smooth,0,0.9623583789868155
2565,239.96894406147436,4.298443761079232,Smooth,0,1.0802564599327482
2566,159.1722604449898,13.737869833020838,Smooth,0,0.730070275808466
2567,211.5232714219065,8.31207749140199,Smooth,0,0.741840620916618
2568,214.82350974370752,3.806184841892799,Featured,0,1.3964326541806436
2569,201.33553021305568,25.949849286233288,Featured,0,0.7883572364351064
2570,203.35506833007148,20.00782342376042,Smooth,0,1.0337830282635228
2571,177.2924185129163,12.01069880519492,Featured,0,0.8515953852408287
2572,134.82899369073056,14.094129643460446,Featured,0,0.3879353674803962
2573,134.2822959658234,17.858305233121637,Featured,0,0.3388427490496829
2574,153.7242667637489,18.074075113717992,Smooth,0,0.7052539450150238
2575,148.23229946617428,1.5621721866380922,Featured,0,1.1140253129174973
2576,139.3884634886508,27.673028509683732,Smooth,0,1.047072914159001
2577,199.64116030005948,11.985563537608044,Smooth,0,1.0785192910560084
2578,239.9355098347733,24.155231920811303,Smooth,0,0.6032384552659211
2579,145.0574193075688,9.19246348053109,Smooth,0,1.2539681225305783
2580,191.6185001808026,13.471132811098851,Featured,0,0.6087766749534039
2581,142.20979086704463,19.122074436276648,Featured,0,0.9032060996674922
2582,179.54080298840037,13.337205032082855,Featured,0,0.8474119275230658
2583,150.52270647746394,28.414843887007436,Smooth,0,0.8065315449213534
2584,227.95800088138844,10.758647458607742,Smooth,0,1.1846480345739017
2585,219.95638628426394,11.727522805234868,Featured,0,0.6737223699585099
2586,195.85243326167404,28.54334476989276,Smooth,0,0.512598686072018
2587,207.75430782323787,15.038269338771881,Smooth,0,0.8549988715516048
2588,218.16908230712886,2.739772030006712,Featured,0,0.7500433164283684
2589,225.54590410084063,23.385501042721906,Smooth,0,1.6943457297706614
2590,147.1593972369823,17.031819537931636,Smooth,0,1.0191268691099937
2591,144.43693654506262,4.6731978174051045,Smooth,0,0.7476648561953438
2592,145.41244933430977,22.03824902131605,Smooth,0,0.5859721077032283
2593,228.12512106948247,17.32895263033268,Smooth,0,0.3799278973578038
2594,175.9543460384067,1.6090437456249251,Smooth,0,0.5936952285656417
2595,220.47882738226164,5.124411189186322,Featured,0,0.8787354429397829
2596,230.63508292424933,6.637160893381919,Smooth,0,1.2068321628986922
2597,215.84137359280783,24.26398333503452,Featured,0,1.1304222855969797
2598,220.8398425621239,1.1687353904539266,Smooth,0,0.9072737079115948
2599,147.30005289976867,2.5985928256408206,Featured,0,0.7692080835743789
2600,200.93158644245452,19.9047103538613,Featured,0,0.9172030891030385
2601,138.0192018904694,17.39314325287439,Featured,0,0.720340500628856
2602,161.33601921581152,21.025970917316396,Featured,0,1.2795909989409688
2603,187.09657699990976,22.95948898576159,Featured,0,0.80270245468123
2604,203.82732207176576,11.380967946125597,Featured,0,0.8284155354383183
2605,139.0499556704768,21.598786181084385,Tidal_Merger,1,0.10683551499586641
2606,190.79777832903997,17.06764217534149,Featured,0,0.801141288369309
2607,160.56380536986836,12.190992158323844,Featured,0,1.0591210344912352
2608,210.24590515176362,19.5056149933696,Featured,0,0.5830693557403637
2609,217.18546279172216,22.279079690450715,Featured,0,0.6623199163767968
2610,162.45447784195719,24.763196872458863,Featured,0,1.048177754433416
2611,233.47471696268747,7.906544384903334,Featured,0,0.48083569412048666
2612,222.87927910135775,13.498310228065789,Featured,0,1.1144502518854795
2613,225.8066036120694,18.29438284644351,Smooth,0,0.7169640274567245
2614,141.7564615404218,10.298264671933449,Featured,0,0.7528579448771993
2615,230.04000720309662,24.958246250641565,Featured,0,0.5690303987186014
2616,170.75193130705202,1.710807420108581,Smooth,0,0.9445115651069708
2617,207.84934852942803,2.192552730784507,Featured,0,1.464967996257345
2618,138.0515516145288,2.246875260059512,Smooth,0,1.045374309865158
2619,161.87265982051449,20.036037201024403,Smooth,0,0.6339286845148661
2620,196.07161732031915,0.22389421251658215,Featured,0,1.1339051463728689
2621,143.2227952032634,9.591625480195628,Featured,0,0.7708301135164376
2622,161.5741946492404,0.2973208647346093,Smooth,0,1.1936212453568897
2623,194.97016173941017,21.814884292204155,Featured,0,1.0516691005410908
2624,193.4594273088995,14.32051194367204,Smooth,0,0.11421460863206667
2625,145.50166474722388,5.121250899374406,Smooth,0,0.5989800917612431
2626,196.85279514052178,25.78508926874694,Featured,0,1.0860963057088475
2627,152.5369401565784,18.850413526483333,Featured,0,0.8879143180362543
2628,203.78055430964173,7.0509389643575595,Featured,0,0.5940610130730373
2629,223.46121297451526,27.007923336062113,Smooth,0,0.6916026211265468
2630,176.9818567488882,21.187384876657866,Smooth,0,0.37344084497765484
2631,188.0139584334944,3.1398132103944345,Featured,0,0.827906678118401
2632,205.41218159518684,28.608978234890685,Smooth,0,1.402672431503941
2633,224.78599941660798,14.84477854801639,Featured,0,1.0512333476830813
2634,158.5226434752351,8.37391412322809,Featured,0,1.3976042502971058
2635,237.47076498828378,9.281056862400385,Featured,0,1.070599272447495
2636,218.7662039972393,20.208294959900854,Featured,0,1.106869835838173
2637,225.76362675506076,24.385529146102733,Featured,0,1.3435196719362559
2638,194.27457431154102,20.29451248561813,Smooth,0,0.9443158148355566
2639,139.64070214402224,12.622096877058503,Featured,0,0.8031931696232799
2640,168.98674436723604,14.457005013299323,Featured,0,1.108164379155503
2641,159.21411162544666,26.042944796011884,Featured,0,1.2134600592804712
2642,186.83682237488944,9.608962274902275,Featured,0,0.7300088393219477
2643,216.55937248808246,6.817831606789869,Featured,0,0.6696077294149927
2644,205.71016593582607,22.95446549583792,Featured,0,0.88471400810772
2645,213.9966373575737,8.568779656867292,Smooth,0,1.0578747167329154
2646,144.04848319987582,12.32194630473036,Featured,0,1.0495227621653904
2647,224.82469160882448,3.270408469227861,Smooth,0,0.4939580999531002
2648,134.0708398187042,26.264659511876896,Smooth,0,1.3279015167658303
2649,132.16815915298005,26.38804490135286,Smooth,0,0.6897087676507874
2650,201.53582549816306,17.922877277202602,Smooth,0,0.7837337507778551
2651,175.8154875094267,16.32378005889303,Featured,0,0.6243364100030451
2652,233.56112896541777,25.048416170832112,Smooth,0,1.5245822089842718
2653,203.47119986839897,13.586500812465351,Featured,0,0.9105176675719918
2654,186.56578822549727,11.021721860912114,Smooth,0,0.6372562298296087
2655,228.02574250678782,8.822023865303334,Smooth,0,1.0659808874906114
2656,181.55624757744673,2.081822577125502,Smooth,0,1.0422839448275083
2657,222.6011654434099,3.730375242926111,Smooth,0,0.803068244105029
2658,231.40616585254287,14.042071627028704,Smooth,0,1.0601516781958458
2659,159.6167554044319,21.906651532717476,Smooth,0,0.6436770097922839
2660,189.46986337711172,12.096318995514682,Smooth,0,0.7267704312626869
2661,140.0530634964954,17.136387532545516,Featured,0,0.34744583635848425
2662,156.62495174487802,10.043671256720375,Smooth,0,0.5190122289451093
2663,170.52938119082367,28.003653157495567,Featured,0,1.3019077014176714
2664,198.00802486833254,17.567630516178376,Smooth,0,1.2603571569305787
2665,203.59245710620192,9.802166717059007,Featured,0,0.8664471621622406
2666,197.99713077499308,4.4552034493104244,Smooth,0,1.2657328617974595
2667,132.3396351935426,9.86467853545828,Smooth,0,0.8099813783479238
2668,224.10066424121078,7.977853518963563,Smooth,0,0.789147424358023
2669,187.20748232955918,2.8132957877104947,Smooth,0,0.864127662116389
2670,175.14212153391927,7.032768000345441,Smooth,0,0.8187696011691086
2671,132.7992535896326,4.291858581702072,Featured,0,0.7962009191099548
2672,234.49573023452479,3.1620413218938683,Smooth,0,1.1358495267873883
2673,236.86859599911557,24.8981877963733,Featured,0,0.8875339134890508
2674,196.21157741166448,9.600483392621753,Featured,0,1.028120441108451
2675,159.37310971863636,2.028142484171495,Smooth,0,1.1078451313193327
2676,169.2833275230553,26.449060475262318,Featured,0,0.9470464489136834
2677,154.09756900120436,29.869355300230477,Featured,0,0.6074321685229402
2678,144.090532100282,12.333402509845458,Featured,0,0.5117835277589903
2679,156.53216033594956,24.320507110127757,Featured,0,0.8871951587018263
2680,236.60128931548923,16.327720110457523,Smooth,0,0.8071859237937664
2681,166.79624176161252,21.31054502136997,Featured,0,0.8718478572300304
2682,170.89132243969632,23.48770842772717,Featured,0,0.8459864901878534
2683,222.76587845666717,2.3313725517517647,Featured,0,1.4958934150416416
2684,222.63308154492796,16.91758700266871,Smooth,0,0.5174434360896655
2685,157.98307389260316,6.9905689319050435,Featured,0,0.3525134325447188
2686,200.30319315970505,6.352375861572586,Smooth,0,0.9330942083799024
2687,227.75249882919385,1.67779050384677,Featured,0,0.7558943613529512
2688,206.9603526584334,28.299303356224492,Tidal_Merger,1,0.6132135739459903
2689,139.75727871327612,22.6041633197879,Smooth,0,0.9959707555710002
2690,179.3562984884784,18.42558732957034,Smooth,0,1.1710261737947243
2691,203.3260526951281,25.708503896081645,Featured,0,0.4731935449040154
2692,163.433676348053,11.155103536992584,Featured,0,0.7108205255357092
2693,172.75450186584303,12.899556423631791,Smooth,0,0.9571903147201909
2694,227.0815864449582,15.092178008148272,Featured,0,1.0426158989218066
2695,228.64419670890675,10.641856701906379,Smooth,0,1.3983623875720963
2696,213.68635534785872,11.76280730713718,Smooth,0,1.0889259927784667
2697,157.0553501222959,15.177949629586752,Smooth,0,0.8358028510284307
2698,157.13467509737853,0.29482657709363536,Featured,0,0.6273910617643346
2699,227.9005875999323,20.27468775312221,Smooth,0,0.7089275368202452
2700,156.30981146375183,14.309501778529613,Featured,0,0.7018242942607233
2701,193.3021595663467,19.8515604793187,Smooth,0,1.0138084071284401
2702,139.40593839399148,0.755972844632089,Smooth,0,0.9142493613964576
2703,218.5487899648847,19.39222125684267,Featured,0,0.5190876072894552
2704,212.651259463195,10.868804700006145,Featured,0,0.7410246327273917
2705,227.9155251135616,12.531257009189275,Featured,0,1.0693868883628552
2706,146.68423677060264,16.640610743651017,Smooth,0,0.9379155887435148
2707,179.5386076795954,20.75332917425947,Featured,0,0.9921611540031926
2708,222.23410172273273,2.680197068756005,Featured,0,0.9457304275143157
2709,133.78273732267402,18.81986805272034,Smooth,0,1.2566076836522149
2710,224.13109847963648,22.86388861350974,Featured,0,0.9090107659560925
2711,196.70719656255488,2.0170254027168344,Smooth,0,0.7534943005323255
2712,174.45543538161363,27.986030703798992,Smooth,0,0.6210612397166099
2713,230.65990752477475,27.353553371453142,Featured,0,0.912402364552428
2714,187.21868815418264,17.804892474655542,Featured,0,0.23982399630622897
2715,138.2005708047748,6.133451173928192,Smooth,0,0.803927749541822
2716,189.6460926041033,2.0411194227500906,Featured,0,0.798540035019664
2717,196.40009206153127,26.842427124939032,Featured,0,0.5088822865956797
2718,135.2957119576189,27.862902636164772,Featured,0,0.617933540336001
2719,207.33208547846957,11.175267946603975,Smooth,0,1.0524143825370602
2720,232.53301107319737,16.98055274663463,Smooth,0,0.9076779372687406
2721,163.58417443664044,2.0185383876454366,Featured,0,0.8754470834268319
2722,227.01205341351084,9.047606096206547,Featured,0,0.9265868834830057
2723,228.32818413560534,10.593086668151685,Smooth,0,0.8731568969872309
2724,196.67920978959683,8.874722924896082,Smooth,0,1.1607156407145787
2725,133.73405764443788,25.383726315906948,Smooth,0,0.8808572954259122
2726,136.36288943918765,0.878983293102551,Featured,0,0.4854467215453124
2727,221.88327451481618,9.41634229545082,Smooth,0,1.2575324912186026
2728,235.9981974798178,9.098576725478488,Smooth,0,0.9425850668322114
2729,209.11219560994903,22.794709752851652,Smooth,0,0.702686567301233
2730,228.98166802559996,1.1939138200695765,Featured,0,0.5366495704262453
2731,238.46011702051578,29.7774538646329,Smooth,0,0.9489785552395114
2732,233.84463032079375,7.165354812108208,Featured,0,0.8207069987564061
2733,160.45105769585567,28.22976967723311,Smooth,0,1.243536696508102
2734,220.3800587481519,19.674623019821784,Featured,0,0.763523179833293
2735,184.80152880984528,9.835145965501022,Smooth,0,0.6406548025793832
2736,188.952858673733,3.930438559513968,Tidal_Merger,1,0.7291592436471858
2737,166.872885210796,7.983041056119258,Featured,0,1.0813204731792079
2738,139.2517486726497,7.215947555404462,Smooth,0,0.8921628419025489
2739,236.38392767850874,27.20956555314731,Featured,0,1.019089261918727
2740,231.92463876776438,18.214058426507307,Smooth,0,0.8405782198144405
2741,202.22941810786637,3.442258750145757,Featured,0,0.9084662752523117
2742,220.35271991907638,28.732999745286676,Featured,0,1.1412477206409808
2743,136.34123404189273,7.070476037276548,Featured,0,1.0063295835053758
2744,227.56173902301964,22.18743531665228,Featured,0,0.8076813904168438
2745,157.33380537959124,18.94376377749062,Smooth,0,1.1880906364815376
2746,212.56762268049442,27.12729874222695,Smooth,0,0.2587861568021219
2747,209.46973267876558,24.171435770046536,Smooth,0,1.3630183278554837
2748,199.32719414017737,0.11490871500967725,Featured,0,0.42351022627731616
2749,144.68279696575382,1.9583027269939168,Featured,0,0.693226793806926
2750,207.27324923858203,19.853331974149157,Smooth,0,0.8397706162012327
2751,142.1694910650728,18.769523682818296,Smooth,0,0.8133798323179596
2752,237.70154318166698,3.210874026331143,Featured,0,1.1016027600066387
2753,220.40460652193917,20.19276392733651,Smooth,0,0.5855408453474413
2754,187.696252852728,3.4543853518560343,Smooth,0,0.9151917043707658
2755,223.8310401014096,27.976646352579362,Smooth,0,0.7054469754450615
2756,142.1792652658947,29.980509014166007,Featured,0,0.9237852448343541
2757,153.8413780099853,1.2100155641535593,Featured,0,0.8338069350505308
2758,208.12670784856425,27.711941876303282,Featured,0,0.8732339131707444
2759,137.17250503865412,1.6864171637963543,Featured,0,0.7125187918839135
2760,210.60068222647817,6.962357335984951,Featured,0,0.7224840124759794
2761,137.59504969460596,27.252303218057087,Featured,0,0.9218181285068567
2762,188.92222592823364,2.157201519493368,Featured,0,1.0859288764390111
2763,171.38855440840075,29.65262981890443,Smooth,0,0.700430166450538
2764,216.0624032464101,13.131504748006241,Smooth,0,0.6328081138567725
2765,221.36813485665022,17.59871754850988,Smooth,0,1.0033650414179593
2766,149.274394931641,29.064440717334133,Featured,0,0.8418740267355777
2767,165.94167962330448,10.6504579840874,Featured,0,1.057624533496488
2768,189.78920390769107,1.7100716265580196,Featured,0,0.6235506966572131
2769,130.5752574897204,18.29045724827332,Featured,0,0.40514026864414227
2770,189.18249759002933,9.433023174342162,Tidal_Merger,1,0.4433991836347332
2771,130.70244588885168,25.981070251372696,Smooth,0,0.6584118476837459
2772,166.3987827337914,13.471163037903777,Smooth,0,0.830302899979925
2773,175.03532789987202,21.418738435943144,Featured,0,0.6907886964324026
2774,173.78058222499533,15.7276416161321,Featured,0,1.0352542378341123
2775,173.32508462195744,15.859698119678269,Smooth,0,0.777962434394371
2776,152.44391980917888,24.348810433345605,Featured,0,0.8876186246934752
2777,142.80030376740237,14.416798225088042,Featured,0,0.889408639610236
2778,181.69870949737302,24.735512093997876,Featured,0,0.8987387731030468
2779,158.78762521094967,14.070748191536506,Featured,0,0.8439677223862566
2780,239.22612757312305,22.96090091574122,Smooth,0,0.9776501726025784
2781,219.1608663860016,8.877960883098483,Smooth,0,0.651086216543548
2782,165.2054561133673,6.333778276741122,Smooth,0,1.1998544816634706
2783,210.8578148184274,16.325959875111067,Smooth,0,0.7908656541578661
2784,161.0719669007004,5.845214749660923,Featured,0,0.5221127155253296
2785,208.32154223638588,13.667003459703263,Featured,0,0.8970183392479433
2786,217.4994956868702,8.997881924191987,Featured,0,0.6372048793881288
2787,181.60179321523367,26.444574587667315,Tidal_Merger,1,0.6830669069017751
2788,214.64422265111307,17.4520994226356,Smooth,0,1.4024013940105944
2789,225.54854847511717,5.026996179135194,Smooth,0,0.6533569771105374
2790,221.1611260067122,29.986731097513157,Smooth,0,0.9330930833059962
2791,153.08961524051443,7.220115442714592,Smooth,0,0.4111236028238431
2792,138.32697000407663,18.600040004322253,Featured,0,0.9634763073603367
2793,232.62173488266393,20.07946249090505,Featured,0,0.6285715500500775
2794,164.13981548159313,3.2604761812407625,Smooth,0,0.6937913453913793
2795,170.4487383365377,20.76033767839964,Smooth,0,0.574678377540043
2796,191.64846940784838,19.568433384553387,Featured,0,1.0330378065136838
2797,205.13074507579927,17.218495982070312,Smooth,0,1.1018260893683156
2798,200.82946788952438,8.204235461249393,Featured,0,0.8558463036646269
2799,205.39882715440916,9.250563650285962,Featured,0,0.6338933236660701
2800,194.56301572147976,7.240491115124996,Tidal_Merger,1,0.8679046072207726
2801,130.91519364499112,0.4837393911664467,Featured,0,0.6623974680613359
2802,204.4634861296521,9.105117274438566,Featured,0,0.30949192501814027
2803,207.887983557565,6.8948017739285525,Smooth,0,0.9645972524892671
2804,225.21348601870073,7.304011322002804,Featured,0,0.5738063315896208
2805,216.74764611396472,4.002490065696213,Featured,0,1.0971521983747936
2806,232.08920043586545,17.2963496985342,Featured,0,0.7547155758316453
2807,158.01047202401404,8.889774056994002,Smooth,0,1.000928310136049
2808,191.24813887041853,14.267885754660249,Smooth,0,1.2003750866380396
2809,202.80231088343163,29.298529119450276,Featured,0,0.5477852838448195
2810,218.75182131939903,11.241659115221292,Smooth,0,0.7085157172768985
2811,172.9996595496066,6.106046216606892,Featured,0,0.8310822318357342
2812,176.77348549161567,14.149484722517862,Smooth,0,1.2343878297585857
2813,157.3909609719999,9.096245812790247,Tidal_Merger,1,0.41832345641191093
2814,154.42834577626527,1.433440940442161,Featured,0,0.7013740760127481
2815,223.16657396277665,22.25986173378517,Featured,0,0.9695351438889521
2816,142.55053633767267,22.801047054095218,Featured,0,0.7056928185723572
2817,178.02756087456427,29.905478528443197,Featured,0,0.8881314707244041
2818,176.17000486187345,25.618286464255586,Smooth,0,0.4621156447579683
2819,137.26108285542657,12.31496141092138,Featured,0,1.403582485639149
2820,178.42188977510398,23.85034610785411,Featured,0,0.5130726924226492
2821,171.46388723673982,0.6619844604687253,Smooth,0,0.7695618240024479
2822,143.42420583292568,26.12007102376553,Smooth,0,0.8418797410394763
2823,224.7964183114869,1.7885197603397707,Smooth,0,1.3281720335891989
2824,153.01040119487206,10.703114710477537,Featured,0,0.518788554766815
2825,144.20753566666446,20.388995471854308,Smooth,0,1.345926033869688
2826,215.94540413220358,16.14283992363334,Featured,0,1.0392942052755056
2827,149.7181173098569,8.120508129051933,Featured,0,0.9542738311058114
2828,180.37953349039287,10.853049357676976,Featured,0,0.6038415782455111
2829,149.90746479804386,5.592594145619238,Smooth,0,0.9927853105095183
2830,226.64929849906738,21.720875663187638,Smooth,0,0.66912834439505
2831,195.58968663302585,9.07398952384409,Smooth,0,1.166665313299603
2832,140.38872568315213,1.181755010784582,Smooth,0,0.6072344927230667
2833,147.67495105855113,4.857690198966411,Smooth,0,0.821710376385979
2834,194.43531394008096,3.007366911686299,Smooth,0,0.7111817279967071
2835,162.68338871854925,13.755556865610462,Smooth,0,0.6031192593932513
2836,202.8677412871175,22.858031272292912,Featured,0,1.0353299542269785
2837,217.24571613964133,19.92036684202807,Featured,0,0.9838646868524084
2838,209.77834264566502,10.255471257517746,Smooth,0,1.1522525497252492
2839,206.59176534659537,4.400853420455446,Smooth,0,0.4050312229479581
2840,131.3369922158798,1.2041657725609956,Smooth,0,1.1160426755852608
2841,235.3339116592199,16.65887475984544,Featured,0,1.4763622263392233
2842,177.39762760279865,25.172990963988347,Smooth,0,0.7370897277057633
2843,138.9264096389863,25.710870849917338,Featured,0,1.3237871530272425
2844,199.64665131534247,18.09639186298513,Featured,0,0.7842096819850434
2845,152.05771993703704,1.2930032684497217,Smooth,0,0.5068975656096733
2846,161.58517538930332,14.831124331372742,Featured,0,0.773591889398301
2847,153.32493238990492,17.451645824204302,Featured,0,1.112050991918819
2848,204.812307399167,7.390447417269056,Featured,0,0.6404558794171171
2849,217.6191020073794,12.405495908698775,Smooth,0,0.6999153352483782
2850,190.44824894845186,29.511347496274553,Featured,0,0.9983848580732977
2851,142.90390078586339,8.219642984099155,Smooth,0,0.8507650291846431
2852,168.5572587714778,27.90016133373218,Featured,0,0.9961557381216852
2853,212.69216916354245,6.016939787642097,Featured,0,0.909457385189584
2854,142.74559654776428,25.17541184940896,Smooth,0,0.9699063298878932
2855,199.4994879718335,29.665216239109892,Smooth,0,0.7419247035476148
2856,225.6885998268341,15.556850659972017,Smooth,0,0.9079327355075981
2857,224.75069959997796,25.314385909749184,Featured,0,0.6181567485760165
2858,207.40545752068755,29.441500027238405,Featured,0,1.172108405625847
2859,132.59544611100821,11.285714063088664,Featured,0,0.6914313207956715
2860,211.71696430347328,12.830072574725072,Featured,0,1.1322118718873473
2861,164.84378447742793,20.502882454718115,Featured,0,0.7915982597542837
2862,167.13766885439907,10.301601065329326,Smooth,0,0.9004997526893302
2863,220.71490625176642,25.31638233692787,Smooth,0,0.7262588622773248
2864,187.82592005329545,25.84994654097303,Smooth,0,0.5960011422079927
2865,199.68260418087618,12.22096572638497,Smooth,0,0.4138099030986746
2866,173.79855629500378,2.3027418566621405,Smooth,0,0.5861689603518851
2867,197.136716164201,22.73329681125474,Featured,0,0.7690227866960195
2868,206.30504483596377,2.1160691277886965,Smooth,0,0.902969794707221
2869,205.32042898092672,10.239559378501564,Smooth,0,1.1025948283208158
2870,167.69096611747736,8.480020816234772,Tidal_Merger,1,0.46084850804063027
2871,168.0465206811643,28.811003238663908,Featured,0,0.6295098089332065
2872,235.22760831918038,21.044973043954982,Featured,0,0.48932130349932185
2873,235.72490339483522,25.59854395701606,Featured,0,0.9700159044760259
2874,199.9795101179056,2.258361499550209,Featured,0,1.195798628832336
2875,202.24103309954214,26.938656485550574,Smooth,0,1.1665825669890721
2876,203.4893650227711,14.152195125553172,Smooth,0,1.0274831870368093
2877,211.12513729207234,14.68932228096098,Smooth,0,1.0096358293168997
2878,135.71882871754784,15.11075283712334,Tidal_Merger,1,0.8895247559418682
2879,169.45870779587148,29.294689834436614,Featured,0,0.9330203653542026
2880,220.4728619997797,5.780291894601009,Featured,0,1.0115324190060428
2881,204.36289168578023,7.535760138134017,Featured,0,0.7698040345370002
2882,159.0703889474503,27.205997320195078,Featured,0,0.5094891572863106
2883,144.4886531437003,28.257167617812605,Featured,0,0.679037774875106
2884,194.5525229822967,9.940566562089511,Smooth,0,0.8477102403663361
2885,186.3302364129209,24.92847513165205,Smooth,0,0.8651963431253257
2886,205.26563291633727,7.897420395540335,Smooth,0,1.3315714637138483
2887,131.58195906792935,16.006633006607384,Tidal_Merger,1,0.5662554335182138
2888,175.30250055619953,2.4184621550880525,Smooth,0,1.144710861006411
2889,143.15536705321318,11.392545687579524,Smooth,0,0.741230689605921
2890,160.62053298289223,1.9748953008946135,Tidal_Merger,1,0.4876648228469532
2891,214.74481595885726,1.8068083470089236,Smooth,0,0.5177480906941379
2892,186.52399106274444,0.2729454384232799,Featured,0,0.664417996780857
2893,227.12932073127504,4.559405474221537,Featured,0,0.9817453478409383
2894,236.5337655353822,1.4788347829324933,Featured,0,0.8518900450985333
2895,212.79883035134054,1.0677069241942916,Smooth,0,1.0857346549743083
2896,237.34517814010445,16.619797665093927,Smooth,0,0.8953134870862626
2897,165.79396679751946,29.50701619540989,Smooth,0,0.7618865670905646
2898,197.4756715529369,2.4479616001451507,Smooth,0,1.3870742159467397
2899,168.07096991915643,14.082205259677743,Featured,0,0.8265241078217381
2900,238.4831818927563,3.929212289825222,Smooth,0,1.140750242426326
2901,208.57592993084972,18.209193488227964,Featured,0,0.7496976983638306
2902,213.05461216209062,28.599215027471175,Featured,0,1.0273998698458917
2903,236.68031495863994,13.401794061079217,Smooth,0,1.0820039147879217
2904,231.97379992759375,11.003949619388052,Featured,0,0.9021229926438952
2905,170.82896657813905,25.503982040551104,Featured,0,0.26137926932584943
2906,199.4560813340214,10.999131002893694,Featured,0,0.8545631152140282
2907,156.2675832519693,17.36269429079998,Featured,0,1.1576150119399937
2908,207.99508878946762,7.492325376880657,Featured,0,0.9818702082569326
2909,204.85492322821844,24.637504636791128,Smooth,0,0.9614597188073116
2910,221.9028248316414,9.09197283525305,Featured,0,0.4194357665106202
2911,134.2831818356432,7.514488402492904,Tidal_Merger,1,0.40590898586498825
2912,134.32778947353606,10.200131581796764,Smooth,0,0.9528394077878597
2913,160.9673318256423,11.349468214957785,Featured,0,0.952595819196723
2914,217.63495369105095,5.731864180390746,Featured,0,1.1536666950332255
2915,138.90112113563774,1.6383090964040714,Featured,0,0.8137833112134764
2916,236.57656408142606,12.521843469874439,Smooth,0,0.9514560216684536
2917,192.4043441591794,25.561452474140786,Featured,0,0.8540935604828234
2918,214.5815060318405,15.29178225864539,Featured,0,0.6032643158746107
2919,230.58531405174557,5.154883810729753,Smooth,0,0.2860521672263131
2920,203.30239549360272,5.711453588911041,Featured,0,0.9577524230325192
2921,142.85878447792004,27.07209828332024,Smooth,0,0.8934868021032029
2922,218.78710911013707,28.551072191716116,Featured,0,0.6954562394749577
2923,151.4767286577849,10.876793896772837,Smooth,0,0.44520673587103377
2924,203.171694276582,15.48849897593022,Smooth,0,1.0074348786021845
2925,151.46831689405155,20.979387634659112,Tidal_Merger,1,0.49681598516088965
2926,147.4465615822381,29.829909080571447,Smooth,0,0.9892186805920364
2927,157.59823502602129,12.539055240416612,Featured,0,1.3160121326029395
2928,163.2566574286643,23.66741888897601,Featured,0,0.31464227992007376
2929,239.6836950173482,4.928605298172278,Smooth,0,0.675099797824409
2930,211.13405317477805,14.26427145698201,Smooth,0,0.7976560966720216
2931,145.61691887370932,29.748730288836846,Featured,0,1.2137065435366625
2932,214.51007552509702,5.06575390111185,Smooth,0,0.44089924519837875
2933,169.62573106804706,19.507652132809845,Featured,0,1.3339652564201512
2934,185.82145071369197,25.843370580639725,Smooth,0,0.8839639753915726
2935,154.99965899894667,12.874484758749656,Smooth,0,0.8259998345665354
2936,185.97796111501614,2.2623652797836478,Featured,0,0.8004850591952734
2937,217.99076939105083,29.745983274821597,Smooth,0,0.7409342419549928
2938,163.09661407984467,4.514168130179924,Smooth,0,1.1120291898172887
2939,139.36138347317637,18.402055395665133,Tidal_Merger,1,0.3362958491835123
2940,137.378412512727,23.472774366383636,Smooth,0,0.9363535454109634
2941,237.93117820805276,24.90608653037286,Featured,0,0.7539545835732561
2942,236.1529601733164,24.853160128169726,Smooth,0,0.6594666378714755
2943,220.79572305363428,25.048703251563506,Tidal_Merger,1,1.0671950351367792
2944,193.08818466011306,0.6344947004824886,Featured,0,0.954762683688365
2945,226.5110379120751,3.490754554934876,Smooth,0,1.0033163861652858
2946,210.1907884845086,1.507290294689464,Smooth,0,1.1344441951671655
2947,213.79780105154668,10.69676763530666,Featured,0,0.4946625136703632
2948,232.38330581639212,6.729556765605787,Smooth,0,1.288072977280508
2949,160.3951019312439,14.552187274280863,Featured,0,0.22276070537623105
2950,131.36444399050464,29.585303918510842,Featured,0,0.6578083974903699
2951,208.8036823153909,12.813373392580022,Featured,0,0.7352420817052749
2952,224.4254027027313,6.7823721303168805,Smooth,0,0.9954308412426265
2953,144.4724453639986,12.056288137102186,Smooth,0,0.904679566535372
2954,236.72828206986628,20.910390418027887,Featured,0,0.8082963148254017
2955,133.8842490434263,4.690864249346252,Featured,0,0.847000663843069
2956,182.13578042891595,20.465750677652963,Smooth,0,0.6054942441193579
2957,238.18736199867442,13.439149691465698,Featured,0,0.47569190137895667
2958,148.42308404849769,5.404759431978578,Smooth,0,1.031627905584015
2959,143.3525059975347,9.629911369226935,Featured,0,1.0234265281340462
2960,200.83994975629173,16.457652451640655,Smooth,0,1.2461235937892647
2961,150.73946663241762,6.99562663264849,Featured,0,0.652495725796198
2962,183.7345195925896,18.028715849924918,Tidal_Merger,1,0.6885630420601846
2963,220.33181108052491,12.56770874378756,Featured,0,0.7790733179088171
2964,134.7753786140301,11.30958501860525,Featured,0,1.1476187462983705
2965,163.50751460907077,26.222153199155553,Smooth,0,1.1054906941695353
2966,215.04560613105386,2.4977297415189637,Featured,0,0.9028023498061142
2967,161.6396001948046,27.62269353164201,Featured,0,0.7651174608335033
2968,164.57851245021232,24.644137583285726,Featured,0,1.0902330446520654
2969,168.11765847479901,19.181244016283266,Featured,0,1.0117261308141414
2970,135.65683948326753,6.932425586234886,Smooth,0,0.6788898994784544
2971,148.48156285193497,14.22473837637239,Featured,0,0.5180503316301422
2972,224.8340378991996,19.462413416850545,Smooth,0,0.7778667748295509
2973,235.66896730645198,27.366227137475466,Featured,0,1.2288534538370524
2974,156.3461186900492,19.11906469614072,Featured,0,1.1366217896832596
2975,191.8280073842828,22.83017948848666,Featured,0,0.5719181325823548
2976,152.0521967081243,23.275951956083606,Featured,0,0.5580606460250197
2977,218.00780655690755,9.122839079138515,Featured,0,1.1686709624198715
2978,238.0616478599467,12.444769665640559,Smooth,0,0.5660910238105428
2979,182.4590117114767,8.33673377963268,Featured,0,0.9773238309105019
2980,152.17900520525188,5.3146056966787665,Smooth,0,0.695982196165919
2981,234.56678616313116,4.841020751651493,Smooth,0,1.2542612311304207
2982,201.22221855700633,9.972800765230955,Featured,0,0.6573938002155303
2983,207.96191675172741,20.751603424040663,Featured,0,1.1358403825514571
2984,231.18411780540367,20.113030013907526,Smooth,0,0.8962146635150912
2985,136.71857558403502,28.904398424229825,Smooth,0,0.9130487135585716
2986,199.67441321614658,20.354999048779135,Smooth,0,0.35742285466214974
2987,166.15309999069075,4.477484092244217,Smooth,0,0.29927166169857033
2988,205.90053799027322,9.786615209427946,Featured,0,0.7948585149331715
2989,170.67945815858943,26.81919172387514,Featured,0,0.9117265158541529
2990,137.3718191526331,7.098993944100266,Tidal_Merger,1,0.32496043445245537
2991,181.94364176781443,5.204881510650661,Smooth,0,0.5778266473809144
2992,189.30040080096097,0.3014094316449478,Featured,0,0.9903681574565333
2993,180.48345682565025,2.956405542388272,Featured,0,0.9907136201142827
2994,181.0324514493566,22.425619102395146,Featured,0,0.8155647349030182
2995,166.83961761227948,13.277320377984461,Smooth,0,1.0450504302965187
2996,138.54142681387657,2.324508796664481,Featured,0,0.5564494260699633
2997,213.17796617847705,22.271098112693455,Featured,0,0.7610162707282573
2998,236.69008373781938,11.165197657406914,Smooth,0,1.2619694014459184
2999,178.44854853436664,10.682018973574344,Featured,0,0.8670805324849543
3000,193.61081550957914,5.4533660165208575,Smooth,0,0.8815781286467498
3001,156.26548603451326,25.47294059876028,Smooth,0,1.4264866464919348
3002,194.03875061939004,7.2349564292328585,Smooth,0,0.5001644585378073
3003,236.69032507179975,1.5848005909416596,Smooth,0,1.0491075916605275
3004,153.64039007400353,22.989122133567,Featured,0,1.2659965699520248
3005,164.52094890468572,14.255125980678848,Featured,0,0.7687855183753635
3006,235.90451852785267,5.800177008361565,Featured,0,1.0649076967137114
3007,155.76237080189676,29.257336058518757,Featured,0,0.6044951256972738
3008,198.62452571442304,9.028989588948651,Featured,0,0.6783169011081621
3009,235.15107118508513,13.648706391832114,Featured,0,0.9462416040119086
3010,189.89305660802893,2.4442169313882567,Featured,0,1.0496416682776475
3011,164.4198133635013,8.885302966769956,Featured,0,1.1302341281015615
3012,183.57681107008295,14.148790955857852,Featured,0,1.2424071467348732
3013,212.49565174390955,29.77543860485914,Smooth,0,0.8331383603612045
3014,224.4175844479033,15.086265601967547,Featured,0,1.148402938793147
3015,152.54827249574032,16.604153286295496,Smooth,0,0.7644237891377127
3016,194.20217230359594,22.41234801387087,Smooth,0,1.075522827897067
3017,173.67165453609107,14.771011461037467,Featured,0,0.9018721994630454
3018,180.76252110872076,5.1138753474492615,Featured,0,0.9614194767704809
3019,134.4801682550867,23.49893948868143,Smooth,0,0.9558769685055093
3020,170.88964730425775,28.42695378972129,Featured,0,0.44882374755054694
3021,132.9003671946977,16.44435608184066,Smooth,0,0.5689695352848066
3022,238.64145201096636,10.54949617025716,Smooth,0,0.8756353599543806
3023,231.77731491572325,27.277580833109774,Smooth,0,0.42818023008970785
3024,184.87852309895362,26.20083353524314,Featured,0,1.0578027757999389
3025,220.4014041243895,22.89884735991845,Featured,0,1.0678889915720355
3026,229.86223652718877,9.301020720373502,Featured,0,0.9317926382194476
3027,209.01642929092043,14.945678975219375,Featured,0,0.5697164968105195
3028,131.66217526359225,5.34994537284649,Featured,0,1.1950347347171286
3029,229.1938191348966,23.164560828475143,Featured,0,1.3593026599295894
3030,232.21508589950395,22.30058686710037,Featured,0,0.8867692068614935
3031,228.462951477719,12.954212853233319,Featured,0,0.977633844612809
3032,213.24266562574985,25.758003209474946,Featured,0,0.9004346636990109
3033,132.9162441595784,11.793117226782032,Smooth,0,0.9825922972496998
3034,134.43859095456696,20.011105713760617,Tidal_Merger,1,0.5260882486747208
3035,190.23516137691098,27.324787940589456,Smooth,0,0.8413589400390491
3036,155.8106290040999,5.040601565780357,Featured,0,1.0764294001243413
3037,187.21798512231928,9.705912374564745,Smooth,0,1.4364060404741101
3038,207.61444489082072,28.567802350869712,Featured,0,0.4999821913995653
3039,217.3631728804346,14.594482971972687,Featured,0,0.8240468788992582
3040,144.7878642348934,5.879405541052858,Featured,0,0.5548848786919794
3041,199.44383084011878,25.547442000517123,Featured,0,1.248006224644021
3042,218.77779942533732,16.774099693889053,Featured,0,0.7030655076700254
3043,160.1636722583537,23.083277382646703,Smooth,0,0.48919980155355147
3044,173.2003817598558,28.161579059335892,Featured,0,1.0095467497121433
3045,135.16625634525604,12.009385085189821,Smooth,0,1.2860777786857778
3046,235.0868155154321,18.097362680520895,Featured,0,1.0158994671401906
3047,189.48731304840987,5.005457346167329,Featured,0,0.9011994693204792
3048,157.46348097451045,19.356557275339917,Smooth,0,0.9522852306939984
3049,196.8510474366745,18.9412793293013,Smooth,0,1.2037101657063887
3050,216.01559748737552,29.335610805053452,Featured,0,0.6314501824964625
3051,198.46550057225963,21.51544341140273,Featured,0,0.8220382239784217
3052,230.9044933008467,22.97575931654226,Smooth,0,0.7368274628726166
3053,206.4446197792708,8.726305626947475,Featured,0,0.5580336731770724
3054,183.83980363053195,27.130793249815717,Smooth,0,0.7679061851457993
3055,186.98088730450874,8.756015311091993,Featured,0,1.1269302739956122
3056,163.4618591599909,3.9190314467207923,Featured,0,0.9916505370981814
3057,134.94024288951775,13.082114406579379,Featured,0,1.0110776250270501
3058,180.50493318620875,2.848958256851295,Smooth,0,0.8866189029133296
3059,192.37178870853347,8.302623958539257,Smooth,0,0.9808309456821471
3060,144.78561446328717,16.20836679562263,Smooth,0,0.6498524144129736
3061,147.9986203310836,19.047199774594883,Smooth,0,0.7726225285181927
3062,162.24625032871145,17.108608161941714,Smooth,0,0.8980010592421692
3063,160.90595085514533,20.475973786131647,Smooth,0,0.9193789647204725
3064,198.23405064888112,3.103023445814501,Smooth,0,0.9300469637304682
3065,168.25901286924125,22.268766944608412,Smooth,0,0.8154161794959055
3066,144.24664134110847,23.551917631392936,Smooth,0,0.7556441497174176
3067,169.44363076773604,16.581116701366202,Featured,0,1.6394428207610745
3068,232.60013316894145,0.8355672246322321,Smooth,0,1.0766968182330996
3069,188.53248337918473,9.233127158794472,Smooth,0,0.9532868689881556
3070,211.0188751168272,22.33326503512661,Featured,0,0.7916978754484015
3071,239.1373816305644,29.001184200553816,Featured,0,0.7371952932640309
3072,233.84652736552746,8.074847129748875,Smooth,0,0.817299851568261
3073,191.7633046755476,3.418976613577235,Featured,0,0.9232072108966708
3074,207.91992743865381,10.464957223758905,Smooth,0,0.37989111398422964
3075,213.71087158449313,4.707078724383603,Featured,0,0.45765260115632905
3076,150.67124188968552,26.01456453003366,Featured,0,0.6907794027652606
3077,218.40392845890258,25.4432770504689,Smooth,0,0.9017848591946421
3078,180.8947764236567,29.47563816768116,Smooth,0,0.7901817132120371
3079,239.69005892932455,4.48198165361317,Featured,0,1.219530306524871
3080,162.85981309476503,29.930167897939775,Featured,0,0.47940080325105777
3081,139.83521025434854,20.130389415987295,Smooth,0,0.6621636325991573
3082,202.6332991671472,13.737008853812142,Featured,0,1.2300229352477752
3083,154.70653052339802,0.7201513453466657,Smooth,0,0.8827798311687867
3084,189.3276466107216,22.172009278181175,Smooth,0,1.0712106457002897
3085,161.2153496378597,13.625509882101182,Smooth,0,1.362811735817366
3086,176.1198827282624,2.1520603124227486,Featured,0,0.6765488955245443
3087,149.7178581313209,15.804514981512401,Featured,0,0.8251714155519919
3088,161.51715038198353,18.55755447216346,Tidal_Merger,1,0.4955146198138257
3089,179.21536035058,26.938058803312106,Smooth,0,0.3613517488791811
3090,137.62974309626821,27.793913938685545,Smooth,0,0.7724007990610077
3091,169.54402663417306,2.304091449432646,Smooth,0,1.0702655468451663
3092,131.86424313785392,4.283569100036541,Featured,0,0.9851473854530601
3093,219.88409562171438,16.863326478696884,Featured,0,1.0047707923470024
3094,228.35037327865757,12.171432725428431,Featured,0,0.7561227548401251
3095,154.67228316135495,2.4019020758689678,Featured,0,0.6859756909985897
3096,164.2882183698352,10.536581620463426,Smooth,0,1.167313917974655
3097,218.49441066750046,1.5704153529393927,Featured,0,0.7256707134105826
3098,206.41661179398693,29.296830699687128,Smooth,0,0.9235205096983035
3099,208.75694517321372,4.056519411385642,Smooth,0,0.8908336701693846
3100,173.7016019616404,1.7876129205943114,Smooth,0,1.2154292540642795
3101,160.05854796980302,2.3356955882630883,Smooth,0,1.09285308941809
3102,139.5685435902551,22.563429980909245,Smooth,0,0.5261853448332198
3103,147.16205044866803,5.264748821440721,Smooth,0,0.55311170830624
3104,183.13436673147788,2.5620745287262148,Featured,0,0.9947274545172835
3105,193.622560870705,4.010869631983086,Featured,0,0.8339155881552084
3106,226.16447771536934,28.567920436001167,Featured,0,0.7362070540115591
3107,149.73011502134315,20.786352830899567,Featured,0,1.1039069709986178
3108,213.24031837754248,22.429554736949335,Tidal_Merger,1,0.5874918764177822
3109,152.3545400194696,16.551371160599007,Featured,0,0.863114346722361
3110,152.586623257748,17.62109605726731,Featured,0,1.0449571601887624
3111,204.7612010962377,24.886881470491495,Smooth,0,0.7562227512641089
3112,169.86332890282964,9.460912297983525,Smooth,0,1.2421297463681384
3113,158.36931097494337,24.411700311666824,Smooth,0,0.652988094191748
3114,239.43529488867438,22.85669683132452,Featured,0,1.014232266585522
3115,197.38308151793012,8.438536906591024,Featured,0,1.2084582096649612
3116,159.7432615022978,2.7125693337498227,Featured,0,0.505676127681975
3117,176.42376861404028,20.40752064991122,Featured,0,0.7641662060368877
3118,225.10199704749368,0.5073839976482197,Featured,0,1.1355518482213895
3119,223.56399020036662,3.574220159881445,Smooth,0,1.1393111369327562
3120,224.86000796214196,2.551691564677233,Smooth,0,0.8071260999029402
3121,236.65430905410145,1.2017735715208344,Smooth,0,0.6663322265807852
3122,228.78597183847853,26.22922002411242,Smooth,0,1.0889839555826906
3123,180.40055754116818,29.23317931915426,Featured,0,1.1458872756454013
3124,190.12348562355243,13.971767330024926,Featured,0,0.5588341628719014
3125,215.20971587015669,20.633076190972044,Featured,0,0.5490215877584049
3126,149.40256851568455,2.952725673041062,Smooth,0,0.9063141704958999
3127,193.80948286215923,19.894387469256262,Smooth,0,1.007340158357223
3128,221.53475957535161,15.266822102096405,Smooth,0,0.7752327286924863
3129,205.64942466736167,5.355593678177961,Featured,0,1.0198234549955874
3130,235.3880828131318,8.239976093637162,Featured,0,0.6724658482906545
3131,233.05127132572338,27.952212099495245,Smooth,0,0.3213266002315661
3132,237.3615205607135,28.997723106699503,Featured,0,0.7440247319168509
3133,212.99971614931508,2.8608276381901065,Smooth,0,0.8658080366282753
3134,185.06866948774595,15.367816916287815,Featured,0,0.7810400100258859
3135,167.7484088489924,18.676409713868452,Featured,0,0.5603491840851287
3136,162.0352054217846,24.77132854682001,Smooth,0,0.3960877560302956
3137,232.23135880403444,28.636977865764322,Smooth,0,0.7214777989080255
3138,218.92370829281072,6.546226036565167,Smooth,0,1.074413942912436
3139,221.02569518605435,26.64816589534518,Featured,0,1.1640493598534205
3140,133.42640020727302,14.124492580976945,Tidal_Merger,1,0.7875426768276911
3141,182.39693066312088,28.463714930757543,Featured,0,0.6460226162128617
3142,222.21615751822515,15.00835605623281,Smooth,0,0.561573419092409
3143,145.3116371480265,12.826255660791361,Featured,0,0.9741586537449738
3144,225.5314773487704,0.7183879581145047,Smooth,0,1.0087750028994813
3145,177.52845712386156,20.438463315973014,Featured,0,0.9500424013001243
3146,140.90959095459374,20.801326155565572,Featured,0,0.34648418144055915
3147,157.20829119175175,23.765735844050283,Smooth,0,0.6332788537791333
3148,213.30412278478826,20.80202560287132,Featured,0,0.8425778024285053
3149,141.62311526879182,1.1808563945918849,Featured,0,0.9718045486576068
3150,219.86712979990205,0.27496650551449453,Tidal_Merger,1,0.7034614725204974
3151,200.1457071585529,10.665893914560229,Featured,0,0.88606338057051
3152,232.1150418846498,24.708708322469207,Smooth,0,0.932695951634559
3153,149.97574884815683,11.601211711319337,Smooth,0,0.8712163645902761
3154,225.50984085645845,3.5814303401459036,Smooth,0,1.0214048435546208
3155,145.71353160309224,24.068210914424334,Featured,0,0.9282164128727277
3156,238.42154995216606,24.522235419183282,Smooth,0,0.8664344150118218
3157,135.7019379031702,3.5250552063711993,Featured,0,0.7829078002156548
3158,231.5032909564734,23.401442611201304,Featured,0,0.8703228562606202
3159,214.2101425567447,12.73116078160904,Featured,0,0.9711478447098187
3160,170.58050035267496,16.330346629029634,Smooth,0,0.9168688472245152
3161,235.35687810870243,18.543088966850906,Featured,0,0.9452066045863134
3162,155.17630087318489,23.77987430254851,Tidal_Merger,1,0.8185443722702372
3163,168.05284918016594,13.345572984826225,Smooth,0,0.9162909806866468
3164,168.30810137256304,16.20898220284499,Smooth,0,0.6877503698817106
3165,218.29043435882227,9.295413502598397,Tidal_Merger,1,0.7267213571988338
3166,142.07098185452537,16.12620430921039,Featured,0,0.5084504155827706
3167,162.49892552251623,7.428949292143161,Featured,0,0.5796466548151782
3168,216.49060193224364,6.1764596453496345,Featured,0,0.9339618161800173
3169,224.6803641581978,29.703265382605974,Smooth,0,0.9790991669466447
3170,183.66177503984136,28.007794311037546,Tidal_Merger,1,0.300989755299201
3171,179.4713826695594,29.177047069492104,Featured,0,0.7542956297533124
3172,132.77127553551523,5.514386684454449,Featured,0,0.6984790419450853
3173,166.7668279898657,6.619531788652454,Smooth,0,0.7283309192796008
3174,185.60596364288503,28.373294917390414,Tidal_Merger,1,0.7387195552545892
3175,140.24130445864893,16.99815776716389,Smooth,0,1.026626365886813
3176,195.16485631254693,27.45004613242582,Smooth,0,0.8452194550365731
3177,159.9359650952959,19.368077311752348,Smooth,0,0.7135095182212681
3178,182.92541120402993,26.157391838415165,Smooth,0,0.5125875824449648
3179,131.99364451503027,6.802758522015479,Featured,0,1.205046234695487
3180,152.6967090246372,21.907475685887135,Smooth,0,0.9980284750712296
3181,167.51729861552843,13.015317685657326,Smooth,0,0.6733327239817148
3182,188.44900947249627,18.89461963304123,Smooth,0,1.0298998744062229
3183,139.7465185366647,22.689302909408823,Featured,0,0.8324440948563435
3184,215.0090530619371,6.929379315841909,Featured,0,0.7782226237844143
3185,226.10448256049727,7.5694420840545895,Smooth,0,0.9588028820724006
3186,154.058717429772,20.319020590069783,Featured,0,0.6646254375218188
3187,232.10003079253465,14.800247641571415,Tidal_Merger,1,0.48124869609797805
3188,162.48195434527378,1.5096879880399183,Featured,0,0.8803652660498864
3189,161.59628908194898,25.093265774096093,Smooth,0,0.7251372017786966
3190,218.48809284474555,11.287779879912659,Featured,0,1.017271302566881
3191,230.98842074190657,28.963459038018637,Featured,0,1.3172666259195651
3192,222.92615509285764,23.89321684570432,Smooth,0,0.6614254668482142
3193,163.46664672554914,8.359291893451092,Smooth,0,0.4337186759239889
3194,159.788696084067,16.352502385796704,Featured,0,0.3495649581309346
3195,163.71098148471023,6.571775191796499,Tidal_Merger,1,0.5199063717010036
3196,142.49133514195918,19.01134799296587,Smooth,0,0.6842088524684543
3197,201.05089654647614,28.04189746464903,Smooth,0,0.9019651252667701
3198,168.96984599389373,14.31439127967148,Featured,0,0.8831494180065252
3199,236.1516906399919,7.18109509026139,Featured,0,0.44919578834647594
3200,199.12691022760458,9.810203054883063,Featured,0,0.39627904262964847
3201,171.82151806644427,1.5823185648665217,Featured,0,0.9239833100865238
3202,211.18369780690074,0.41586407738580355,Smooth,0,0.8838572086799892
3203,218.73628716642133,23.972464373158633,Featured,0,0.7435455004083622
3204,136.5477170382549,8.562122053902675,Featured,0,0.4357141037169238
3205,192.164650194813,26.34100538533371,Smooth,0,0.9678478156912477
3206,156.8388607716992,6.795648781083171,Smooth,0,1.1679748863559858
3207,226.7540040446682,3.1695103634679214,Featured,0,0.9194956100547306
3208,131.33193227583763,13.365534434794835,Featured,0,0.6381315273587338
3209,237.90861159789534,5.065778681011059,Featured,0,0.8611380413927878
3210,136.8821326441397,2.113820330008749,Tidal_Merger,1,0.27677718381326305
3211,185.6892665444723,21.542044836025823,Featured,0,1.114490178459698
3212,184.75937588377192,19.213418219797585,Featured,0,0.8704610836323847
3213,146.1011391378474,29.64372227863906,Featured,0,0.407960772061692
3214,198.45775910789706,13.788442551987792,Featured,0,0.7748314098890793
3215,197.7449507000535,24.071880916608976,Smooth,0,0.9658253775585577
3216,235.95447933846725,24.551412743386056,Smooth,0,0.7667380947561193
3217,176.06475773812804,15.542324941210342,Smooth,0,0.7810260696399565
3218,160.10044596468487,7.944489653349565,Tidal_Merger,1,0.3051195585905457
3219,216.37084974632492,16.37249039338307,Featured,0,0.991635246770414
3220,222.411888628312,17.429057598947775,Tidal_Merger,1,0.42030615999617255
3221,171.5012579415085,10.944674106233961,Smooth,0,0.3108886557487418
3222,214.3166554485843,14.491987355799079,Featured,0,0.7571856573324015
3223,201.99623357092486,16.338926133214073,Smooth,0,1.0952874288925882
3224,225.9027880519755,1.6149157472537723,Smooth,0,0.7532676383500131
3225,233.02662615244577,25.63642179606541,Smooth,0,1.28449624628088
3226,191.25662874893055,5.917279985010504,Featured,0,0.9572419871371293
3227,163.80189614189152,8.556174080412422,Featured,0,0.9346895405700915
3228,176.56686585685173,17.21925525095226,Tidal_Merger,1,0.5243203468164783
3229,133.47447593082063,20.51610374727096,Smooth,0,0.8329284480589273
3230,198.14788200399335,8.390215696393295,Tidal_Merger,1,0.49731527297609923
3231,192.04814317168695,16.86434261482755,Featured,0,0.7744326519793684
3232,169.0495936415131,9.965175661851976,Featured,0,0.9827167905167872
3233,170.45614459911786,12.335924666476375,Smooth,0,0.6160421925523586
3234,178.3462857496201,5.529041908502972,Featured,0,0.5810265428189351
3235,187.08094758111213,8.49853210477732,Smooth,0,0.5692012372811556
3236,173.01361560401386,15.60970878574157,Featured,0,1.3614136369192886
3237,168.83554307603328,18.462867450987797,Featured,0,0.982585725417645
3238,160.47137767585767,5.487687778862541,Tidal_Merger,1,0.610898440336029
3239,202.48163361011666,20.263681360092768,Smooth,0,0.5856213324266422
3240,175.38840249334862,15.12398525755315,Featured,0,1.0058355751687071
3241,167.98761474693765,4.333094524652328,Featured,0,0.8208571633866678
3242,147.60787984500303,9.385025925726602,Featured,0,0.9035422352829374
3243,237.44803613617253,24.590310083413772,Featured,0,0.605844921034111
3244,132.79610394185048,16.97344664522989,Smooth,0,0.8900672143543942
3245,203.39335709135992,8.11045771486753,Tidal_Merger,1,0.4652332923587034
3246,162.95222457492613,23.494800870837086,Featured,0,0.658597210742453
3247,157.49526410373835,3.3852163355065326,Featured,0,1.0335265839518122
3248,164.86142056719055,15.947164580601935,Smooth,0,0.46557304786749937
3249,185.9427760281173,24.805756829182595,Smooth,0,0.9911940660785377
3250,149.48647683921246,16.93249763339243,Smooth,0,1.021121533388249
3251,178.81252412350284,9.083253848159016,Smooth,0,0.6300890811121898
3252,216.02308964374245,0.2205913366328094,Featured,0,0.6449178847168832
3253,138.34496609195304,15.956152995150497,Smooth,0,0.7942435796833994
3254,212.22180319471323,19.133224255367747,Smooth,0,0.9205090526155552
3255,132.83930976444356,26.73420275380528,Featured,0,0.8117862520464436
3256,230.5167288260585,29.678398353191547,Featured,0,0.9583906150479697
3257,188.6331753970754,4.3984367147952685,Featured,0,1.2907449131343498
3258,171.84406038674507,8.088900263015484,Featured,0,0.7230708077125715
3259,220.91032127185156,2.505747440400563,Smooth,0,0.42120500732414484
3260,198.04725160367028,3.3181079661948254,Smooth,0,1.0564808957576632
3261,192.89495872531546,2.8067822073700666,Featured,0,1.2708286439818823
3262,193.9784522288113,25.232885118483043,Featured,0,0.9481920907627811
3263,200.50692850798652,9.147093731551905,Featured,0,0.578062831161583
3264,202.0691085976772,17.169455568902297,Featured,0,0.8190269091911997
3265,180.85251171006678,10.488431964231665,Featured,0,0.5703691289470919
3266,195.89490458654197,25.769416413666605,Featured,0,1.0107138734907368
3267,137.39815053641047,14.121178419478122,Tidal_Merger,1,0.2797419194603131
3268,194.8399388433167,22.226496201659565,Featured,0,0.77496780329295
3269,176.6644210171674,17.33421150753254,Smooth,0,0.5989155434265234
3270,192.92535077062308,24.02454299579251,Featured,0,0.8817061712837404
3271,216.86683578567272,4.9868808615497615,Smooth,0,0.7584145807155606
3272,213.4905810774124,27.048936884590802,Featured,0,0.894190525812566
3273,138.9897880321456,17.633953481150545,Featured,0,0.8555876387415914
3274,155.41822762468786,4.7621029012292855,Smooth,0,0.6033352430689723
3275,176.04680024101629,23.099208546198028,Tidal_Merger,1,0.6753754127058045
3276,183.29752837101233,3.16450282383107,Smooth,0,0.8378085870392211
3277,145.68535584900997,19.354502499027102,Featured,0,0.6028677480335248
3278,130.9200050064543,6.891488510496951,Featured,0,1.4102316390514482
3279,197.5326943236068,14.525190964902224,Featured,0,0.9691075416792811
3280,145.40924167601764,2.0535135769805035,Smooth,0,0.8116848616501736
3281,231.98956014273978,14.229259946052908,Featured,0,1.2038011316754558
3282,152.20387973352433,15.82763919816497,Smooth,0,1.3104539023466517
3283,190.13130422065672,27.286932821409035,Featured,0,0.8136626444215287
3284,132.88163793852712,3.3750939157989523,Featured,0,0.9368493716086905
3285,206.17856746908188,2.458153171144384,Featured,0,0.6029992954992648
3286,168.85765493522706,25.902947333681535,Featured,0,0.8132018123079972
3287,132.2078317555499,19.228965842962733,Smooth,0,0.8002343615600325
3288,164.52630463947176,13.854194446860559,Tidal_Merger,1,0.5869654067243308
3289,194.0418621253525,24.153576262639948,Featured,0,0.9331901196592526
3290,161.27015022202684,24.08092216008065,Featured,0,0.989957112207015
3291,158.5534094202554,5.96789339385115,Tidal_Merger,1,0.5975285312599918
3292,216.42167798882554,3.3719108152803887,Featured,0,0.5473143433427088
3293,222.28970604898117,17.30808370034519,Featured,0,0.6153832235647287
3294,234.54526324842146,17.260775193872956,Smooth,0,0.7133980951340817
3295,197.42335407439782,18.219732503791978,Featured,0,0.7794398520191927
3296,144.37814144142195,8.370248710433899,Featured,0,1.1126935726180283
3297,130.16212042949425,6.653384758006392,Featured,0,0.5592652532867717
3298,210.5641153964217,22.184239616523403,Featured,0,0.760646237957325
3299,197.05207673778864,15.045538810504992,Smooth,0,1.0882523745535124
3300,175.49040116778866,27.7392537338591,Featured,0,0.7750306313758469
3301,210.07332376711418,19.38929800972144,Featured,0,0.965103912460706
3302,156.12976574162656,10.709472884059917,Smooth,0,0.8151144892680241
3303,159.72724613438615,26.210341036822463,Featured,0,0.9141958143311807
3304,166.10564162461733,11.350427450479408,Tidal_Merger,1,0.504305491238092
3305,157.5514688671749,23.715408226009433,Featured,0,1.0167663681820884
3306,200.4676701903776,13.218093421775242,Featured,0,0.46373589814839117
3307,192.7856135135803,7.5263729967210065,Smooth,0,0.7591719979028637
3308,134.58401906626227,15.135087721645073,Featured,0,0.924143169173577
3309,227.18112392846666,5.945891592650044,Featured,0,0.9834238120015482
3310,219.89444202213375,21.990003216678698,Smooth,0,1.2232381556884568
3311,202.4297018124268,12.91607462739111,Smooth,0,0.7522438332836059
3312,209.5788028590403,19.016683854973255,Featured,0,1.2198704404652183
3313,185.37589979403424,5.5991981939304765,Smooth,0,0.6852440433350824
3314,229.7914533776413,24.690107233408042,Featured,0,1.1821616028861608
3315,150.91184147621004,16.71755499955232,Featured,0,1.054366781674593
3316,193.79821661709445,23.03293853143013,Featured,0,0.6216353550919442
3317,199.5510369001404,5.990092141219401,Featured,0,0.9267598093129554
3318,228.68212859478348,24.029421012100947,Smooth,0,0.8371910411169521
3319,202.7115679672052,29.422835231665548,Featured,0,1.00639614841875
3320,130.17216157106202,15.518165092629317,Featured,0,0.7941821028916726
3321,169.62097055523893,15.072818614991291,Smooth,0,0.7731884435845671
3322,213.87045543147596,28.738375797784126,Smooth,0,1.1922736456907128
3323,141.3436255719526,13.501759182786758,Smooth,0,0.8253197763860818
3324,164.98038224690504,28.90080961338114,Smooth,0,1.0566055810479416
3325,145.7126161295765,3.634663837829563,Featured,0,0.79366212873895
3326,147.77915855040752,29.417046811821706,Smooth,0,1.2666658148068808
3327,176.08179944550028,17.980791751264967,Smooth,0,0.6804163426661266
3328,130.6056379076463,18.804078901945317,Featured,0,0.6964641171882038
3329,204.0775676657409,7.767128243794188,Smooth,0,1.2311292952789756
3330,176.86917222794085,8.476508025559166,Featured,0,0.7387634022761868
3331,137.4989540324043,5.374917548704526,Featured,0,1.2502685765410981
3332,224.92965144947593,14.525534949677905,Tidal_Merger,1,0.7283681159189626
3333,153.76420007605594,23.234568093593726,Featured,0,0.8113375733597916
3334,146.9060147128625,14.926982501661776,Tidal_Merger,1,0.1873413055965683
3335,204.81548489363303,21.56154339786607,Smooth,0,0.845170423932041
3336,186.72473704661476,13.706642152118006,Featured,0,0.8754075133833561
3337,238.24144795315107,2.6841936843116168,Featured,0,1.1418044333260933
3338,159.04681831630907,22.58181413477928,Featured,0,1.2471117940600278
3339,190.27554378710622,0.42589903415171104,Featured,0,0.678753205214063
3340,152.5653604530208,24.91868281295374,Smooth,0,1.0502954409970457
3341,208.9357542223994,26.557166361226958,Featured,0,1.0413505390033373
3342,207.28971503940681,12.203212457160156,Featured,0,1.1183531756026113
3343,165.4287082141496,13.985447733826708,Smooth,0,0.9746724780338861
3344,234.57857370509078,3.780060835919828,Smooth,0,0.3643755772595575
3345,201.62623433698417,29.398663420748353,Featured,0,0.8111443918680601
3346,146.97989868016225,17.85689198158205,Smooth,0,0.5610731062707712
3347,223.2126723628511,17.774489817047893,Tidal_Merger,1,0.5094788454163852
3348,225.85554376099395,14.121029984731848,Featured,0,1.0950010590334736
3349,173.9247507390239,10.64391868969166,Featured,0,0.9262877089687431
3350,186.65062256806954,26.100747765604968,Featured,0,1.137022716599358
3351,144.59873294473664,10.875059535945395,Smooth,0,0.9354384801783848
3352,169.64695098556348,1.1639836418666238,Tidal_Merger,1,0.2903348120662195
3353,171.2862898711562,9.694356518382518,Featured,0,0.21978824835681632
3354,136.6294129318517,2.98484006618894,Featured,0,0.8872021904198976
3355,223.11657725593057,13.809871519282952,Featured,0,0.7965183834122086
3356,223.63276054536456,12.560854299830526,Smooth,0,0.6057635651545294
3357,154.21224584952284,27.022804873521974,Featured,0,0.4248431875871555
3358,149.7291611318165,15.817654498520314,Tidal_Merger,1,0.40305135730545816
3359,168.23286766628803,6.849937571058326,Featured,0,0.801377128783806
3360,136.27601932663796,1.6530460547649328,Featured,0,1.0164694559265974
3361,156.0949470909594,11.335176411815599,Smooth,0,0.897157770391995
3362,203.55075419168742,19.462961584781578,Smooth,0,1.2520168117931822
3363,184.07540014155805,5.372848179845446,Smooth,0,0.5910989859886514
3364,150.64946462614773,8.944510688296669,Featured,0,1.0702647230143583
3365,149.06237520779302,25.326369758584292,Smooth,0,0.861824685782182
3366,216.80883624680723,9.473194537484881,Smooth,0,1.023667281029646
3367,145.36163802319442,13.061889701992543,Smooth,0,0.740871284183614
3368,177.91416462942263,14.243070181309538,Smooth,0,1.1179200934726474
3369,204.96529944463222,4.304083710540602,Smooth,0,0.9238061895863107
3370,191.56135518356055,24.431517620072444,Smooth,0,0.6801387537705627
3371,171.34771136603462,12.169357783417125,Featured,0,0.846993992771703
3372,210.58293069312754,29.908482522350088,Smooth,0,0.7901110352657251
3373,161.61505561121376,4.698384446779497,Featured,0,0.9722945876594484
3374,159.43519444007686,2.921301873240126,Featured,0,0.5550558126563728
3375,208.54956253456706,7.224114482195198,Smooth,0,0.8426620744710763
3376,148.3746098691045,18.007542302987492,Smooth,0,0.9488268131623327
3377,194.38898008364274,26.92191954964759,Smooth,0,0.8582558267982583
3378,201.31498081973052,13.964609173190981,Featured,0,1.186735311097249
3379,150.3863197481586,5.21891117710016,Featured,0,1.0435056935177631
3380,191.49652134412622,15.299552379404913,Featured,0,0.8481298008148134
3381,198.1439380610576,7.194598566197707,Smooth,0,0.9041722743744183
3382,154.78486229463587,25.311863781307725,Featured,0,0.9239163878704999
3383,189.307740434278,13.669486483196323,Featured,0,0.950824901041706
3384,184.66598311964134,11.581528069555073,Featured,0,0.393585501083848
3385,183.5335835567173,13.010829939611401,Smooth,0,0.7746184260576632
3386,226.90703062036232,22.14886531434923,Tidal_Merger,1,0.2531121863613148
3387,137.81383779484023,2.009732831875428,Tidal_Merger,1,0.8056561894918974
3388,198.59442568030357,19.942176147325387,Featured,0,0.8347876199992681
3389,188.18308474299332,22.554754378700434,Smooth,0,0.8016647625800943
3390,225.93362998385666,17.21597549031289,Smooth,0,1.0741993330083088
3391,181.05046753988543,24.80603541520086,Featured,0,0.9555811993624687
3392,162.7019869338067,26.887701494147368,Featured,0,0.5678413714051982
3393,138.7361305887885,22.542699525939078,Featured,0,0.8322736593681578
3394,130.01481623049338,19.28419773258521,Featured,0,0.7662082566934038
3395,183.24847766812218,21.70603719993266,Featured,0,0.41386677784848647
3396,236.04862581391188,12.029109800650552,Featured,0,0.6774309416906988
3397,172.01336036181854,28.998666626883224,Featured,0,0.8041149194958835
3398,137.0406981269483,14.313294530817783,Featured,0,0.8212622671270393
3399,153.94341395385896,5.987148476878162,Featured,0,0.4794421440806728
3400,163.36026623243552,26.818005320099715,Featured,0,1.1379163957618688
3401,232.52309160610193,0.20946785641044352,Smooth,0,0.8244742352771403
3402,165.36452713726703,25.082367023858428,Featured,0,0.8593882691651407
3403,199.02560095402072,20.331697236039613,Smooth,0,0.9501604095849592
3404,234.94561299845947,28.377739320962597,Smooth,0,0.6529809365240822
3405,189.4995504221889,12.150032957626452,Featured,0,0.964088993283174
3406,149.08769664851596,15.378457323095997,Featured,0,0.7582313384954542
3407,138.03897182297166,7.399693405343335,Featured,0,0.6258536148382021
3408,171.0434880264622,23.519155515167686,Tidal_Merger,1,0.6646894986710798
3409,162.40813359808124,20.161785079852063,Featured,0,1.2229184647004518
3410,183.66394483189987,28.822389083140664,Featured,0,1.031207343371458
3411,169.1042311485493,3.9985277424651944,Featured,0,1.0807443912851076
3412,184.31751560008297,23.183142589952375,Smooth,0,0.7198423483594252
3413,206.7162293971524,5.484401656176777,Smooth,0,0.4505950677078859
3414,131.599913223467,3.546558668732658,Smooth,0,1.2225343805249602
3415,207.96422207520698,12.653227258083778,Featured,0,1.3636287223511898
3416,208.28950863206535,24.828307840474597,Featured,0,1.2357016934424205
3417,178.4839021632051,12.600330128869885,Smooth,0,0.7660535152550626
3418,165.70444128902972,22.21990743199878,Smooth,0,0.5613414153177889
3419,134.66645280275807,0.7445163433544744,Featured,0,0.5835793255451083
3420,226.06552074468885,25.345922562315256,Featured,0,0.4290668580964878
3421,137.18919748788366,20.476214363014712,Smooth,0,0.8231553453974887
3422,141.16186971526352,22.16600031399098,Smooth,0,1.2514194895206137
3423,170.92198943720615,12.783637138566924,Smooth,0,0.8145843420319392
3424,231.02690753599495,17.724136005537474,Featured,0,0.9255807250870687
3425,171.06402479077283,4.199621301652886,Smooth,0,1.193899241076052
3426,177.18934301125202,24.519159366397105,Smooth,0,0.7489761720419
3427,192.1593843698032,26.47323574042745,Featured,0,1.3588828641798987
3428,153.27994884268475,4.566846417506004,Tidal_Merger,1,0.9484188814994907
3429,152.38200167473553,5.785188268267368,Featured,0,0.8172221653298793
3430,165.10105205675814,9.508278653018442,Smooth,0,0.7056164339951968
3431,188.40314462533033,10.936992825595933,Featured,0,1.0243095115975782
3432,170.31076883585376,14.550539625721237,Smooth,0,0.7631187643702855
3433,181.950998457928,23.92261661824993,Featured,0,0.560861195733166
3434,139.10785347176392,19.481364607098673,Smooth,0,1.170309663380745
3435,194.52693094930214,22.693532639667353,Featured,0,1.15411184681927
3436,180.56313574429274,1.9469783861522838,Featured,0,0.8888779009408901
3437,210.63784256326423,13.389790799596836,Featured,0,0.5342838115679556
3438,182.11908112377412,19.43160163261836,Featured,0,0.5426184371956535
3439,180.51917168905354,16.118270210041143,Featured,0,0.8768073221047882
3440,176.65437384326248,16.238103328250343,Smooth,0,0.7250322413737419
3441,153.67220592189614,27.28786173332833,Featured,0,0.764726766964598
3442,193.85143610930658,3.813314726010719,Featured,0,1.105490788765001
3443,164.04803779149606,1.349904637062731,Smooth,0,1.0332948293556394
3444,153.5847131292481,27.897652894369944,Featured,0,1.1945356701244032
3445,158.4582806370985,6.533424053027056,Featured,0,0.6023441941556855
3446,131.2559781799481,4.645241839423648,Featured,0,0.764202107828322
3447,200.5262396173827,2.403171798288067,Smooth,0,1.039745423865028
3448,189.9529610786632,8.691839512146439,Featured,0,0.962019585253223
3449,200.62348107697164,13.919450945006622,Smooth,0,1.2330950956469056
3450,133.6508290018669,27.36624710344577,Featured,0,0.9551341764760173
3451,177.69410718958758,11.179713896824417,Featured,0,1.312027276026388
3452,220.4313476660248,1.0027071730651127,Featured,0,0.9850044504307851
3453,159.41422306432955,9.618597196506803,Featured,0,1.115541861897165
3454,199.75144345139643,13.280811059023076,Featured,0,0.7691212633038857
3455,208.79557268689504,0.27261104853648965,Featured,0,0.8535718029709972
3456,219.59153308478295,23.62115874447819,Smooth,0,1.0777361009598687
3457,180.18601598510963,19.440909541656424,Featured,0,1.2532445426482637
3458,203.97703016847424,8.045231032347399,Smooth,0,1.0323092373276883
3459,235.94266227480912,21.290140305135733,Featured,0,0.8292070570163451
3460,175.3879444602569,1.5171931147268658,Smooth,0,1.1943337573820854
3461,162.78574295033874,29.578025058747535,Featured,0,0.30200533593002976
3462,168.6784955963598,28.988228932445576,Featured,0,0.4944413746232816
3463,166.8630739685056,24.072053533539727,Smooth,0,1.0204085559170972
3464,152.03102196543884,2.265812580776606,Featured,0,0.8535270890632812
3465,203.5034078410518,25.124175588563237,Smooth,0,1.0013784127810412
3466,187.09355081425036,22.865625335822465,Featured,0,0.8661018806079855
3467,237.94267995469713,12.639026449000939,Featured,0,0.9927364236509681
3468,206.7218607836212,18.63991872467122,Smooth,0,0.6463992947517023
3469,229.99357727322052,13.510511573423784,Smooth,0,0.9926215215199227
3470,218.3831017626573,0.9741231507524484,Featured,0,1.0986036320518962
3471,160.90279606561188,11.935971090522816,Smooth,0,1.1551376509828082
3472,218.70439789561235,17.422679971669773,Featured,0,1.353388573662175
3473,235.9291204244894,2.921006813736633,Smooth,0,0.9110246108755966
3474,208.54579957159393,8.841041096565839,Featured,0,0.9184777717117947
3475,160.5119301279246,6.788172900095586,Smooth,0,0.46920688395653803
3476,161.004025225074,9.192984681101148,Smooth,0,0.7171471497153937
3477,195.25437271181227,21.257506373034758,Featured,0,0.8017294814983468
3478,211.83409218299448,23.53216419638392,Smooth,0,1.1125798880690887
3479,196.77985365906295,28.792371643859077,Featured,0,0.6972497189775927
3480,194.4852815218477,4.359800772615124,Smooth,0,1.049085004937208
3481,172.275931187565,24.86126951454019,Smooth,0,0.8495945707591549
3482,132.98055917538318,11.880028991568457,Smooth,0,0.8057079712213095
3483,207.40236453180262,29.70996911380945,Smooth,0,0.9122234922833141
3484,156.6082623524178,27.623125489082263,Featured,0,0.7522109069367894
3485,169.02484210195826,2.3588013296927413,Featured,0,0.7427406879768336
3486,149.8632879640067,11.106965570537302,Smooth,0,0.42380352355247136
3487,141.54231962599923,2.0711081073412476,Smooth,0,0.7880114481680276
3488,184.1887614719945,14.030436374546312,Smooth,0,0.7300079634628184
3489,199.5630456761226,19.14419707548808,Featured,0,0.7210047526627301
3490,187.07218628386795,7.375423274802008,Smooth,0,0.9542182656475101
3491,173.4033683157411,2.974383368328718,Featured,0,1.0146579881976274
3492,140.07402806592975,23.456727389906693,Smooth,0,0.9080486261605819
3493,218.29076407752814,25.09135732231198,Featured,0,1.0988537976123687
3494,139.25539614945538,3.561272865273344,Smooth,0,0.9938904814575913
3495,199.55364136529374,12.072187778979352,Smooth,0,0.7762359525485895
3496,190.1367153985477,6.272920937688427,Featured,0,0.7342859285714051
3497,148.23247578021716,13.663967160190852,Featured,0,0.9282055591917115
3498,167.66927767181846,21.409808493364615,Featured,0,0.9934417774754751
3499,167.02647060133125,24.090356445789617,Smooth,0,1.1994610767578746
3500,187.09899636498398,1.8583955573696376,Smooth,0,1.147793261235024
3501,158.5729162136359,17.881503472828506,Smooth,0,0.7146317483732078
3502,211.49944617672787,21.098401621267513,Featured,0,0.8244984299681846
3503,147.18272255552841,6.15561428714421,Tidal_Merger,1,0.6842035609835541
3504,162.70839081098057,28.688756445400838,Smooth,0,1.116999444514743
3505,159.82058791404722,17.168514436260036,Featured,0,1.084742367176198
3506,201.3502852445697,21.885642659293154,Tidal_Merger,1,0.5372244334337307
3507,145.00837278124064,0.6302747095908223,Featured,0,0.5364943368928708
3508,232.64246644779135,26.039987756852696,Featured,0,0.6002659059386022
3509,207.6006913311835,28.15342921231223,Featured,0,0.9181583785798535
3510,221.2215479248431,12.5214882540142,Featured,0,0.9355563948560863
3511,236.21952363820154,6.615127903069413,Smooth,0,0.5753301566414037
3512,146.4909170083651,22.910768080509616,Smooth,0,0.8611424027223179
3513,187.48342592704196,26.27799066558615,Featured,0,1.0078060892429457
3514,211.11686943477451,19.61982664260745,Tidal_Merger,1,0.3197546684985712
3515,217.7595013744498,1.1013883044919992,Smooth,0,1.1262493004511036
3516,198.73615095676988,13.618764991435793,Featured,0,0.7556172128600437
3517,155.96555096811105,6.17940107630885,Smooth,0,1.1644032781441627
3518,224.39947584728804,5.915489459041988,Featured,0,0.7166368885560248
3519,199.47162421017725,11.85160013570388,Smooth,0,0.5933436292789552
3520,141.27675604731218,27.7857895924388,Featured,0,0.73546575253957
3521,157.15062561220924,2.175669508634442,Featured,0,0.8262129692306699
3522,201.97762060419916,10.519280743714406,Tidal_Merger,1,0.47230401864570387
3523,165.38369886255035,10.566929252122359,Featured,0,0.7959996446067217
3524,191.73450671107776,16.394290830761292,Featured,0,0.9334912874190475
3525,234.93214347028461,25.227261312087215,Smooth,0,0.8072051575509002
3526,186.37529136473648,18.769497388243593,Featured,0,0.8334719015119982
3527,183.46005431773634,4.398249010800095,Featured,0,0.422693400199351
3528,148.5828569379381,17.354775246879903,Smooth,0,0.9479245040026182
3529,172.84300843926624,25.684608659839807,Featured,0,0.827699175577083
3530,141.50246243678401,3.2958934122234886,Smooth,0,1.2525732451207177
3531,209.93380912773557,3.004649925203008,Featured,0,0.6151087081865104
3532,219.19664391087105,27.739758287467403,Featured,0,0.39792616787512136
3533,148.11769887755256,3.895710402536431,Featured,0,1.0045171234825105
3534,195.29516989094535,27.340175702358923,Smooth,0,0.9366317545782501
3535,151.32493747305818,16.516359018599864,Featured,0,0.5978917448672135
3536,218.33284876159297,18.92311260517862,Featured,0,0.4675627612489771
3537,150.47494875286827,16.143630301194396,Featured,0,1.2343491826710724
3538,182.7932718188836,18.83006631476426,Smooth,0,1.2035275976516955
3539,216.2170962933937,6.754830726477956,Featured,0,0.22813581032346764
3540,145.00086231454466,23.394626520302044,Smooth,0,0.7354442426858747
3541,146.16141159421477,28.35367346234661,Tidal_Merger,1,0.88283841095678
3542,233.69967510035235,15.285266196726058,Featured,0,0.7309843605555333
3543,221.61134144670982,11.520572218948745,Featured,0,0.7273469414933368
3544,156.60375199904968,24.629430518974225,Smooth,0,0.7793101680926579
3545,202.7507672177456,17.49317271839694,Featured,0,0.5697757565579602
3546,158.84904487298076,26.392572068830308,Smooth,0,0.4238060639429889
3547,146.16589805470306,7.29373591268006,Featured,0,1.1131368276836873
3548,207.86186069527457,5.527459547180227,Featured,0,0.38926577343808105
3549,138.454828280378,5.043542927931753,Featured,0,0.9118178630271889
3550,175.93388533634212,20.910724980128986,Smooth,0,1.0716448731894124
3551,188.047121999493,6.30955668857381,Smooth,0,0.4871934252747104
3552,187.4761199194147,8.967784502949996,Featured,0,0.6189328993512321
3553,189.79081472253876,11.42855535070425,Smooth,0,1.1532947970978975
3554,218.28442475377943,27.5026800935624,Featured,0,0.98322293005676
3555,145.3443246717246,27.81371345593348,Smooth,0,0.6956785732802782
3556,226.71043498613724,1.8204920685204695,Tidal_Merger,1,0.7904498006722342
3557,143.0699707894879,9.908540025062532,Smooth,0,1.1516339308635755
3558,141.27607007897473,12.104429070809989,Smooth,0,0.9172631732539267
3559,220.6169422643424,27.797561496551435,Featured,0,0.6249599430315842
3560,172.14523810744473,6.419840360949407,Smooth,0,0.7466378241320512
3561,154.28465740676364,27.282885110576295,Smooth,0,0.9215966859888475
3562,161.72459816006204,12.539522565207408,Featured,0,0.8028512927131279
3563,231.00629953429808,8.065846349370197,Featured,0,1.0847392945587129
3564,195.2124198558921,18.695172735965617,Tidal_Merger,1,0.2440451839781328
3565,130.83191624759564,17.127211612564345,Featured,0,0.4764341177334403
3566,148.3546221868628,16.12743414154543,Featured,0,0.8952177778706081
3567,220.3383035139214,6.614629182442478,Smooth,0,0.7271138965482739
3568,170.51819351737865,10.865448083824546,Tidal_Merger,1,0.4245902770604518
3569,224.82159304998848,8.935781951706337,Featured,0,0.4079858202064007
3570,175.91521034636568,2.3681820883966664,Smooth,0,0.8548864611995454
3571,163.32239962044721,23.144200345788192,Featured,0,0.8368112229998086
3572,158.62602577837524,29.976218968303225,Featured,0,1.0133697454879351
3573,237.92296986547294,8.52864867286378,Tidal_Merger,1,0.5637812266241945
3574,227.92838583195822,23.867351287727594,Featured,0,0.8168489804398757
3575,189.89380077569345,0.3600908181804763,Smooth,0,1.1442501591975842
3576,169.15699465163877,10.374182952312749,Smooth,0,0.5218831741378624
3577,236.50127707061938,4.796392900993242,Smooth,0,0.984097304711894
3578,161.4283294910047,16.68572077890035,Smooth,0,0.43221320880116276
3579,165.76144169748687,18.919058849492416,Featured,0,0.640409529999798
3580,239.17318523742128,1.7217553106482064,Featured,0,0.5468357168441715
3581,173.89388494066782,15.827388672760511,Featured,0,1.0454856338629797
3582,149.4180835206059,28.261746584657864,Smooth,0,0.8336474416011515
3583,209.57621250574434,29.87203356153969,Smooth,0,0.8466241888517558
3584,218.06453690199913,14.071222425544619,Smooth,0,0.5733167530676373
3585,215.30803783645115,23.974739133143462,Smooth,0,0.7750766260167776
3586,181.15104692790703,10.701695079267191,Tidal_Merger,1,0.39730693933817773
3587,137.7541140207459,4.792483807018327,Featured,0,0.945863753713554
